county,fiscal_year,population,total_revenue,total_expenditure,net_total,revenue_per_capita,expenditure_per_capita
Alameda,2003,1496218,1818700520,1836243665,-17543145,1215.53,1227.26
Alameda,2004,1498020,1636539472,1649739744,-13200272,1092.47,1101.28
Alameda,2005,1507500,1877145984,1693220824,183925160,1245.2,1123.2
Alameda,2006,1510303,1962610109,1789076569,173533540,1299.48,1184.58
Alameda,2007,1526148,1980472861,1840512393,139960468,1297.69,1205.99
Alameda,2008,1543000,2062757425,1944733831,118023594,1336.85,1260.36
Alameda,2009,1556657,2027021278,2031238550,-4217272,1302.16,1304.87
Alameda,2010,1574857,2049650443,2083268145,-33617702,1301.48,1322.83
Alameda,2011,1521157,2201322275,2186575262,14747013,1447.14,1437.44
Alameda,2012,1532137,2317607829,2221267982,96339847,1512.66,1449.78
Alameda,2013,1548681,2366341383,2295382137,70959246,1527.97,1482.15
Alameda,2014,1573254,2448572609,2405508090,43064519,1556.37,1529.0
Alameda,2015,1594569,2459908014,2462509900,-2601886,1542.68,1544.31
Alameda,2016,1627865,2638195535,2466628582,171566953,1620.65,1515.25
Alameda,2017,1645359,2949248612,2834852878,114395734,1792.47,1722.94
Alameda,2018,1660202,3057808028,2937009130,120798898,1841.83,1769.07
Alameda,2019,1669301,3609996506,3339008906,270987600,2162.58,2000.24
Alameda,2020,1670834,3752904942,3554360577,198544365,2246.13,2127.3
Alameda,2021,1662370,4251409856,4788857663,-537447807,2557.44,2880.74
Alameda,2022,1651979,4151361197,3993773203,157587994,2512.96,2417.57
Alameda,2023,1636194,4412737665,4037262848,375474817,2696.95,2467.47
Alameda,2024,1641869,4742901769,4244700272,498201497,2888.72,2585.29
Alpine,2003,1208,9466804,10484122,-1017318,7836.76,8678.91
Alpine,2004,1275,12227703,11786381,441322,9590.36,9244.22
Alpine,2005,1262,10801917,11971845,-1169928,8559.36,9486.41
Alpine,2006,1241,12567537,12990891,-423354,10126.94,10468.08
Alpine,2007,1261,14582555,15828512,-1245957,11564.28,12552.35
Alpine,2008,1222,15375601,16252352,-876751,12582.32,13299.8
Alpine,2009,1201,16151545,15928407,223138,13448.41,13262.62
Alpine,2010,1189,17447487,14578603,2868884,14674.08,12261.23
Alpine,2011,1176,17643923,14988662,2655261,15003.34,12745.46
Alpine,2012,1097,17958213,18559365,-601152,16370.29,16918.29
Alpine,2013,1087,17486688,15857853,1628835,16087.11,14588.64
Alpine,2014,1079,16048039,18593470,-2545431,14873.07,17232.13
Alpine,2015,1121,16682857,14479421,2203436,14882.12,12916.52
Alpine,2016,1166,17024071,14801625,2222446,14600.4,12694.36
Alpine,2017,1151,18935581,16806357,2129224,16451.42,14601.53
Alpine,2018,1154,20470009,18038469,2431540,17738.31,15631.26
Alpine,2019,1162,21085207,21924691,-839484,18145.62,18868.06
Alpine,2020,1142,22732682,25003688,-2271006,19906.03,21894.65
Alpine,2021,1195,20139080,20302313,-163233,16852.79,16989.38
Alpine,2022,1200,22868255,21822941,1045314,19056.88,18185.78
Alpine,2023,1184,29060590,27412529,1648061,24544.42,23152.47
Alpine,2024,1179,30191475,27326942,2864533,25607.7,23178.07
Amador,2003,36523,40731328,38124410,2606918,1115.22,1043.85
Amador,2004,36834,41442452,45919323,-4476871,1125.11,1246.66
Amador,2005,37574,47894068,51370044,-3475976,1274.66,1367.17
Amador,2006,38133,64674346,65969657,-1295311,1696.02,1729.99
Amador,2007,38435,63557656,69470969,-5913313,1653.64,1807.49
Amador,2008,37943,70732123,65445833,5286290,1864.17,1724.85
Amador,2009,38080,60749096,61467665,-718569,1595.3,1614.17
Amador,2010,38022,58143071,61056979,-2913908,1529.2,1605.83
Amador,2011,37911,57227655,58227532,-999877,1509.53,1535.9
Amador,2012,37120,57723779,59289357,-1565578,1555.06,1597.23
Amador,2013,36741,57628482,59949058,-2320576,1568.51,1631.67
Amador,2014,36151,63278973,62404951,874022,1750.41,1726.23
Amador,2015,36312,69467537,65523618,3943919,1913.07,1804.46
Amador,2016,37707,67084790,67509530,-424740,1779.11,1790.37
Amador,2017,38382,73472682,75321932,-1849250,1914.25,1962.43
Amador,2018,38094,77617058,75455001,2162057,2037.51,1980.76
Amador,2019,38294,91942520,82387142,9555378,2400.96,2151.44
Amador,2020,37676,98957071,93869535,5087536,2626.53,2491.49
Amador,2021,40287,114217399,99390041,14827358,2835.09,2467.05
Amador,2022,40297,119068814,114617123,4451691,2954.78,2844.31
Amador,2023,39837,129949175,112703851,17245324,3262.02,2829.12
Amador,2024,39611,144198400,125814417,18383983,3640.36,3176.25
Butte,2003,210367,279156583,281495381,-2338798,1327.0,1338.12
Butte,2004,212745,328484057,286921500,41562557,1544.03,1348.66
Butte,2005,214119,321627242,297423988,24203254,1502.1,1389.06
Butte,2006,217209,321824838,313286152,8538686,1481.64,1442.33
Butte,2007,218069,334491339,334398953,92386,1533.88,1533.45
Butte,2008,220407,336162674,337211352,-1048678,1525.19,1529.95
Butte,2009,220748,351519630,351885090,-365460,1592.4,1594.06
Butte,2010,221768,354192869,345569828,8623041,1597.13,1558.25
Butte,2011,221388,349752594,344618539,5134055,1579.82,1556.63
Butte,2012,221273,351293697,351797294,-503597,1587.6,1589.88
Butte,2013,221485,347423855,347665055,-241200,1568.61,1569.7
Butte,2014,222316,339367456,329455634,9911822,1526.51,1481.92
Butte,2015,224323,364962980,346021855,18941125,1626.95,1542.52
Butte,2016,224601,369579116,359472359,10106757,1645.49,1600.49
Butte,2017,226404,405180116,402575447,2604669,1789.63,1778.13
Butte,2018,227621,423294813,419566673,3728140,1859.65,1843.27
Butte,2019,226466,462029993,449421432,12608561,2040.17,1984.5
Butte,2020,210291,716123502,458426158,257697344,3405.39,2179.96
Butte,2021,206640,528622640,511083710,17538930,2558.18,2473.3
Butte,2022,201608,524956591,518636375,6320216,2603.85,2572.5
Butte,2023,205592,566461937,532133719,34328218,2755.27,2588.3
Butte,2024,205928,657810470,604671332,53139138,3194.37,2936.32
Calaveras,2003,42458,53240047,49224324,4015723,1253.95,1159.37
Calaveras,2004,43339,53445358,53644839,-199481,1233.19,1237.8
Calaveras,2005,44796,62579929,59935893,2644036,1397.0,1337.97
Calaveras,2006,45711,72584605,72719484,-134879,1587.9,1590.85
Calaveras,2007,46028,72812583,72491904,320679,1581.92,1574.95
Calaveras,2008,46127,80353776,79546543,807233,1742.01,1724.51
Calaveras,2009,45987,108145525,78327109,29818416,2351.65,1703.24
Calaveras,2010,45870,71786719,70766481,1020238,1565.0,1542.76
Calaveras,2011,45693,73727362,72979521,747841,1613.54,1597.17
Calaveras,2012,44840,86054083,83653260,2400823,1919.14,1865.59
Calaveras,2013,44932,90279898,97959949,-7680051,2009.26,2180.18
Calaveras,2014,44650,77973970,83653600,-5679630,1746.34,1873.54
Calaveras,2015,45668,81676412,74242525,7433887,1788.48,1625.7
Calaveras,2016,45207,86883793,79017852,7865941,1921.91,1747.91
Calaveras,2017,45168,103847016,103545726,301290,2299.13,2292.46
Calaveras,2018,45157,111775477,101249425,10526052,2475.26,2242.16
Calaveras,2019,45117,105939142,138199329,-32260187,2348.1,3063.13
Calaveras,2020,45023,115552446,119563520,-4011074,2566.52,2655.61
Calaveras,2021,45250,128028489,125096675,2931814,2829.36,2764.57
Calaveras,2022,45049,137763923,140217306,-2453383,3058.09,3112.55
Calaveras,2023,44890,152135743,151427715,708028,3389.08,3373.31
Calaveras,2024,44842,187146424,163584784,23561640,4173.46,3648.03
Colusa,2003,19700,35964767,34470394,1494373,1825.62,1749.77
Colusa,2004,20105,34509274,33016376,1492898,1716.45,1642.2
Colusa,2005,20880,34920597,33230562,1690035,1672.44,1591.5
Colusa,2006,21512,39549674,37158716,2390958,1838.49,1727.35
Colusa,2007,21951,41037799,41276436,-238637,1869.52,1880.39
Colusa,2008,21910,51543714,48570645,2973069,2352.52,2216.83
Colusa,2009,21997,45395410,45788350,-392940,2063.71,2081.57
Colusa,2010,22206,51041062,46636818,4404244,2298.53,2100.19
Colusa,2011,21593,47582983,46753162,829821,2203.63,2165.2
Colusa,2012,21690,53067227,47080206,5987021,2446.62,2170.6
Colusa,2013,21674,57956739,53867054,4089685,2674.02,2485.33
Colusa,2014,21660,56276403,56162747,113656,2598.17,2592.92
Colusa,2015,21715,55828686,52097886,3730800,2570.97,2399.17
Colusa,2016,21948,55837373,56754215,-916842,2544.08,2585.85
Colusa,2017,22043,56417543,57662770,-1245227,2559.43,2615.92
Colusa,2018,22098,61167967,61793173,-625206,2768.03,2796.32
Colusa,2019,22117,66171628,62770657,3400971,2991.89,2838.12
Colusa,2020,21902,69785072,62213999,7571073,3186.24,2840.56
Colusa,2021,21773,77625660,71086236,6539424,3565.23,3264.88
Colusa,2022,21807,77789396,71191536,6597860,3567.18,3264.62
Colusa,2023,21771,82998701,84363269,-1364568,3812.35,3875.03
Colusa,2024,21743,92900505,92032288,868217,4272.66,4232.73
Contra Costa,2003,994908,1851194815,1479194711,372000104,1860.67,1486.77
Contra Costa,2004,1003909,1550299661,1541478814,8820847,1544.26,1535.48
Contra Costa,2005,1020898,1652419430,1595294731,57124699,1618.59,1562.64
Contra Costa,2006,1029377,1734769236,1650775320,83993916,1685.26,1603.66
Contra Costa,2007,1042341,1862349991,1795654114,66695877,1786.7,1722.71
Contra Costa,2008,1051674,1926983901,1887446238,39537663,1832.3,1794.71
Contra Costa,2009,1060435,1890114964,1865767496,24347468,1782.4,1759.44
Contra Costa,2010,1073055,1921410709,1805784477,115626232,1790.6,1682.84
Contra Costa,2011,1056064,2051483168,1937982203,113500965,1942.57,1835.1
Contra Costa,2012,1065117,2068070533,2016639285,51431248,1941.64,1893.35
Contra Costa,2013,1074702,2221080341,2159734994,61345347,2066.69,2009.61
Contra Costa,2014,1087008,2333410531,2260176890,73233641,2146.64,2079.26
Contra Costa,2015,1102871,2711238104,2598449579,112788525,2458.35,2356.08
Contra Costa,2016,1123429,2793581608,2670142484,123439124,2486.66,2376.78
Contra Costa,2017,1139513,3072465406,2942527728,129937678,2696.3,2582.27
Contra Costa,2018,1149363,3228395078,3086181054,142214024,2808.86,2685.12
Contra Costa,2019,1155879,3693227329,3542107990,151119339,3195.17,3064.43
Contra Costa,2020,1153561,3809810219,3686425494,123384725,3302.65,3195.69
Contra Costa,2021,1161324,4297335547,4119717910,177617637,3700.38,3547.43
Contra Costa,2022,1156555,4491758166,4285458019,206300147,3883.74,3705.36
Contra Costa,2023,1147653,5072834570,4694189046,378645524,4420.18,4090.25
Contra Costa,2024,1146626,5970212101,5549211078,421001023,5206.76,4839.6
Del Norte,2003,27848,45211030,44008716,1202314,1623.49,1580.32
Del Norte,2004,28266,43902351,43997601,-95250,1553.19,1556.56
Del Norte,2005,28895,50493384,48185949,2307435,1747.48,1667.62
Del Norte,2006,29196,53194593,53060246,134347,1821.98,1817.38
Del Norte,2007,29341,54945082,55102516,-157434,1872.64,1878.0
Del Norte,2008,29419,56136033,56265599,-129566,1908.16,1912.56
Del Norte,2009,29547,58446845,60008250,-1561405,1978.1,2030.94
Del Norte,2010,29673,54213743,55408451,-1194708,1827.04,1867.3
Del Norte,2011,28594,58053949,53736105,4317844,2030.28,1879.28
Del Norte,2012,28429,68063313,63595956,4467357,2394.15,2237.01
Del Norte,2013,28380,72932282,66313113,6619169,2569.85,2336.61
Del Norte,2014,28131,68122777,62894734,5228043,2421.63,2235.78
Del Norte,2015,28031,68798879,69830915,-1032036,2454.39,2491.2
Del Norte,2016,26811,71405306,70442451,962855,2663.28,2627.37
Del Norte,2017,27124,68538964,71648370,-3109406,2526.88,2641.51
Del Norte,2018,27221,79118088,74253520,4864568,2906.51,2727.8
Del Norte,2019,27401,78237636,77396633,841003,2855.28,2824.59
Del Norte,2020,27298,81621241,80567910,1053331,2990.01,2951.42
Del Norte,2021,27593,95118589,87579546,7539043,3447.2,3173.98
Del Norte,2022,27218,92022093,86095314,5926779,3380.93,3163.18
Del Norte,2023,26599,89753446,90496756,-743310,3374.32,3402.26
Del Norte,2024,26345,115988068,98317911,17670157,4402.66,3731.94
El Dorado,2003,166030,194572716,193653341,919375,1171.91,1166.38
El Dorado,2004,168117,205990482,201469618,4520864,1225.28,1198.39
El Dorado,2005,173407,241378174,219012662,22365512,1391.97,1263.0
El Dorado,2006,176204,258946904,250534550,8412354,1469.59,1421.84
El Dorado,2007,178674,294389906,274209038,20180868,1647.64,1534.69
El Dorado,2008,179722,276044536,300573204,-24528668,1535.95,1672.43
El Dorado,2009,180185,263433655,285550953,-22117298,1462.02,1584.77
El Dorado,2010,182019,267749585,268680830,-931245,1471.0,1476.11
El Dorado,2011,182498,270739898,267356271,3383627,1483.52,1464.98
El Dorado,2012,180712,271854189,260871342,10982847,1504.35,1443.58
El Dorado,2013,182286,284773753,270617935,14155818,1562.24,1484.58
El Dorado,2014,182404,293637831,276833206,16804625,1609.82,1517.69
El Dorado,2015,184917,291471085,304980251,-13509166,1576.23,1649.28
El Dorado,2016,183750,310061101,312825778,-2764677,1687.41,1702.45
El Dorado,2017,185062,320597586,312951842,7645744,1732.38,1691.06
El Dorado,2018,188399,333516608,337411051,-3894443,1770.27,1790.94
El Dorado,2019,191848,447199542,453471879,-6272337,2331.01,2363.7
El Dorado,2020,193227,462093559,452579084,9514475,2391.45,2342.21
El Dorado,2021,191054,510698648,447024720,63673928,2673.06,2339.78
El Dorado,2022,190465,485758432,451126569,34631863,2550.38,2368.55
El Dorado,2023,189006,572751478,560707185,12044293,3030.33,2966.61
El Dorado,2024,188583,629861635,586097683,43763952,3339.97,3107.9
Fresno,2003,841423,1102218078,1017200556,85017522,1309.95,1208.91
Fresno,2004,862642,1384309806,1009460514,374849292,1604.73,1170.2
Fresno,2005,883537,1039583424,1047151171,-7567747,1176.62,1185.18
Fresno,2006,899514,1164590520,1144675056,19915464,1294.69,1272.55
Fresno,2007,917515,1155188903,1166395630,-11206727,1259.04,1271.26
Fresno,2008,931098,1274358715,1270148662,4210053,1368.66,1364.14
Fresno,2009,942298,1230739830,1272148945,-41409115,1306.1,1350.05
Fresno,2010,953761,1191819738,1195960511,-4140773,1249.6,1253.94
Fresno,2011,940220,1227947061,1221747562,6199499,1306.02,1299.43
Fresno,2012,945711,1203004648,1174535564,28469084,1272.06,1241.96
Fresno,2013,952166,1268655618,1224642063,44013555,1332.39,1286.16
Fresno,2014,964040,1318767726,1243526163,75241563,1367.96,1289.91
Fresno,2015,972297,1376617063,1310995778,65621285,1415.84,1348.35
Fresno,2016,984541,1488440576,1385152576,103288000,1511.81,1406.9
Fresno,2017,995975,1683934000,1649858000,34076000,1690.74,1656.53
Fresno,2018,1007229,1770913000,1783079000,-12166000,1758.2,1770.28
Fresno,2019,1018241,1936296000,1878051000,58245000,1901.61,1844.41
Fresno,2020,1023358,2053548000,2027046000,26502000,2006.68,1980.78
Fresno,2021,1009231,2321372157,2228506619,92865538,2300.14,2208.12
Fresno,2022,1011273,2322654843,2380000092,-57345249,2296.76,2353.47
Fresno,2023,1011499,2551671102,2456227607,95443495,2522.66,2428.3
Fresno,2024,1017431,2739998180,2636081403,103916777,2693.06,2590.92
Glenn,2003,27071,58246138,59612814,-1366676,2151.61,2202.09
Glenn,2004,27756,54488446,55442304,-953858,1963.12,1997.49
Glenn,2005,28197,58140597,56481013,1659584,2061.94,2003.09
Glenn,2006,28651,63409592,63129442,280150,2213.17,2203.39
Glenn,2007,28915,63608575,64072512,-463937,2199.85,2215.89
Glenn,2008,29195,67161299,70367378,-3206079,2300.44,2410.25
Glenn,2009,29239,66642625,70075785,-3433160,2279.24,2396.65
Glenn,2010,29434,64516031,68744257,-4228226,2191.89,2335.54
Glenn,2011,28273,62864289,66014786,-3150497,2223.47,2334.91
Glenn,2012,28122,68505603,65960412,2545191,2436.01,2345.51
Glenn,2013,28349,68574194,68064510,509684,2418.93,2400.95
Glenn,2014,28353,67887528,64345624,3541904,2394.37,2269.45
Glenn,2015,28728,61548445,60659342,889103,2142.45,2111.51
Glenn,2016,28668,63101355,62882626,218729,2201.11,2193.48
Glenn,2017,28731,74713016,72240174,2472842,2600.43,2514.36
Glenn,2018,28796,84691057,79330565,5360492,2941.07,2754.92
Glenn,2019,29132,91677332,93915379,-2238047,3146.96,3223.79
Glenn,2020,29400,100986885,101525295,-538410,3434.93,3453.24
Glenn,2021,28788,112784295,102989903,9794392,3917.75,3577.53
Glenn,2022,28750,116343605,122682064,-6338459,4046.73,4267.2
Glenn,2023,28636,135927039,136543233,-616194,4746.72,4768.24
Glenn,2024,28736,144447979,146179910,-1731931,5026.73,5087.0
Humboldt,2003,128347,177782923,184457563,-6674640,1385.17,1437.18
Humboldt,2004,129964,186204666,188597609,-2392943,1432.74,1451.15
Humboldt,2005,131334,194127557,183340775,10786782,1478.12,1395.99
Humboldt,2006,132526,204686657,203505136,1181521,1544.5,1535.59
Humboldt,2007,131959,223409244,214270378,9138866,1693.02,1623.76
Humboldt,2008,132821,236017089,226215726,9801363,1776.96,1703.16
Humboldt,2009,132755,228673285,242677262,-14003977,1722.52,1828.01
Humboldt,2010,133400,238661827,233685993,4975834,1789.07,1751.77
Humboldt,2011,135263,244274587,232619292,11655295,1805.92,1719.76
Humboldt,2012,134587,242001920,239716576,2285344,1798.11,1781.13
Humboldt,2013,135209,237749673,239056571,-1306898,1758.39,1768.05
Humboldt,2014,134648,255394014,258159217,-2765203,1896.75,1917.29
Humboldt,2015,134398,263699647,261055439,2644208,1962.08,1942.41
Humboldt,2016,135116,278719066,280156807,-1437741,2062.81,2073.45
Humboldt,2017,136953,307219596,328233619,-21014023,2243.25,2396.69
Humboldt,2018,136002,367766900,372243534,-4476634,2704.13,2737.04
Humboldt,2019,135333,388436302,400220086,-11783784,2870.23,2957.3
Humboldt,2020,133302,0,0,0,0.0,0.0
Humboldt,2021,133302,0,0,0,0.0,0.0
Humboldt,2022,135168,475114946,455598439,19516507,3515.0,3370.61
Humboldt,2023,134047,466354506,500247164,-33892658,3479.04,3731.88
Humboldt,2024,133100,560558396,560985605,-427209,4211.56,4214.77
Imperial,2003,150909,185651047,193013972,-7362925,1230.22,1279.01
Imperial,2004,156562,194400228,196494143,-2093915,1241.68,1255.06
Imperial,2005,161800,210560376,205835949,4724427,1301.36,1272.16
Imperial,2006,166585,219324284,219519494,-195210,1316.59,1317.76
Imperial,2007,172672,241411002,232566033,8844969,1398.09,1346.87
Imperial,2008,176158,253950993,247313372,6637621,1441.61,1403.93
Imperial,2009,179254,261491103,254440145,7050958,1458.77,1419.44
Imperial,2010,183029,260545518,261770616,-1225098,1423.52,1430.21
Imperial,2011,176258,278154248,274556866,3597382,1578.11,1557.7
Imperial,2012,177441,275783676,280430365,-4646689,1554.23,1580.41
Imperial,2013,180061,272993302,283034960,-10041658,1516.12,1571.88
Imperial,2014,180672,289567151,289705311,-138160,1602.72,1603.49
Imperial,2015,183429,313139834,326775920,-13636086,1707.14,1781.48
Imperial,2016,185831,312534987,313348529,-813542,1681.82,1686.2
Imperial,2017,188334,438301291,439403052,-1101761,2327.26,2333.11
Imperial,2018,190624,439747211,443023733,-3276522,2306.88,2324.07
Imperial,2019,190266,427565740,443573873,-16008133,2247.2,2331.34
Imperial,2020,188777,474235215,454294433,19940782,2512.15,2406.51
Imperial,2021,179488,519690000,477678847,42011153,2895.4,2661.34
Imperial,2022,179329,516757810,496025913,20731897,2881.62,2766.01
Imperial,2023,179476,589593386,595050863,-5457477,3285.08,3315.49
Imperial,2024,182881,595141023,586066750,9074273,3254.25,3204.63
Inyo,2003,18351,48725511,49256868,-531357,2655.2,2684.15
Inyo,2004,18515,50064486,52100646,-2036160,2704.0,2813.97
Inyo,2005,18592,48845839,48340146,505693,2627.25,2600.05
Inyo,2006,18515,55825152,51511018,4314134,3015.13,2782.12
Inyo,2007,18383,60893426,56464288,4429138,3312.49,3071.55
Inyo,2008,18152,64815572,62011250,2804322,3570.71,3416.22
Inyo,2009,18049,68149212,61936597,6212615,3775.79,3431.58
Inyo,2010,18110,64079221,61731395,2347826,3538.33,3408.69
Inyo,2011,18634,66489222,64907072,1582150,3568.17,3483.26
Inyo,2012,18461,66330102,63172834,3157268,3592.99,3421.96
Inyo,2013,18573,66259711,68004848,-1745137,3567.53,3661.49
Inyo,2014,18590,68985619,67407283,1578336,3710.9,3626.0
Inyo,2015,18574,68983106,62986131,5996975,3713.96,3391.09
Inyo,2016,18650,70957422,67720679,3236743,3804.69,3631.14
Inyo,2017,18619,75895392,74000296,1895096,4076.23,3974.45
Inyo,2018,18577,79628705,76019832,3608873,4286.41,4092.15
Inyo,2019,18593,84868491,78093100,6775391,4564.54,4200.13
Inyo,2020,18584,89366804,85698339,3668465,4808.8,4611.4
Inyo,2021,18982,96635082,91418869,5216213,5090.88,4816.08
Inyo,2022,18978,105903825,104161223,1742602,5580.35,5488.52
Inyo,2023,18896,117167154,107193412,9973742,6200.63,5672.81
Inyo,2024,18856,128281342,115890795,12390547,6803.21,6146.1
Kern,2003,702873,1396558439,1113129368,283429071,1986.93,1583.68
Kern,2004,724883,1089447243,1136681877,-47234634,1502.93,1568.09
Kern,2005,753070,1194337832,1194069564,268268,1585.96,1585.6
Kern,2006,779869,1302729622,1282984826,19744796,1670.45,1645.13
Kern,2007,801648,1426550262,1361120866,65429396,1779.52,1697.9
Kern,2008,817517,1555184986,1526340679,28844307,1902.33,1867.04
Kern,2009,827173,1641270471,1542072859,99197612,1984.19,1864.27
Kern,2010,839587,1547591491,1533701063,13890428,1843.28,1826.73
Kern,2011,846883,1592131106,1555380622,36750484,1879.99,1836.59
Kern,2012,850006,1617401714,1552674370,64727344,1902.81,1826.66
Kern,2013,857882,1677222851,1601784836,75438015,1955.07,1867.14
Kern,2014,873092,1698256686,1720884350,-22627664,1945.11,1971.02
Kern,2015,874264,1799121449,1676595034,122526415,2057.87,1917.72
Kern,2016,886507,1832093877,1774234626,57859251,2066.64,2001.38
Kern,2017,895112,1834349504,1798910958,35438546,2049.3,2009.7
Kern,2018,905801,1862364108,1822485809,39878299,2056.04,2012.02
Kern,2019,916464,1910928208,1844654959,66273249,2085.11,2012.8
Kern,2020,917553,2068423396,2030108956,38314440,2254.28,2212.53
Kern,2021,907324,2342861451,2078918057,263943394,2582.17,2291.26
Kern,2022,909813,2294574372,2199605429,94968943,2522.03,2417.65
Kern,2023,907476,2646183194,2472436017,173747177,2915.98,2724.52
Kern,2024,910300,2965900257,2711087245,254813012,3258.16,2978.23
Kings,2003,136108,133430620,135795955,-2365335,980.33,997.71
Kings,2004,141434,141966816,137172266,4794550,1003.77,969.87
Kings,2005,144732,177654912,158454006,19200906,1227.48,1094.81
Kings,2006,147729,163092904,172021048,-8928144,1104.0,1164.44
Kings,2007,151381,174045503,169144073,4901430,1149.72,1117.34
Kings,2008,154434,188422534,177741648,10680886,1220.08,1150.92
Kings,2009,154743,176486192,186145923,-9659731,1140.51,1202.94
Kings,2010,156289,177480965,184865685,-7384720,1135.59,1182.85
Kings,2011,153365,187633021,186724804,908217,1223.44,1217.52
Kings,2012,152419,186635959,180967549,5668410,1224.49,1187.3
Kings,2013,152007,185983985,189311156,-3327171,1223.52,1245.41
Kings,2014,150181,195827629,198913637,-3086008,1303.94,1324.49
Kings,2015,149721,219369648,224669014,-5299366,1465.19,1500.58
Kings,2016,150373,239998723,243599118,-3600395,1596.02,1619.97
Kings,2017,149537,268613402,285032685,-16419283,1796.3,1906.1
Kings,2018,151662,274851463,289127782,-14276319,1812.26,1906.4
Kings,2019,153710,295343229,289041197,6302032,1921.43,1880.43
Kings,2020,153608,302751573,312684819,-9933246,1970.94,2035.6
Kings,2021,151059,342032903,330476854,11556049,2264.23,2187.73
Kings,2022,152023,339308110,368319954,-29011844,2231.95,2422.79
Kings,2023,151018,418851302,404475659,14375643,2773.52,2678.33
Kings,2024,152627,407835296,431292670,-23457374,2672.1,2825.8
Lake,2003,61307,92999016,91502560,1496456,1516.94,1492.53
Lake,2004,63242,91059442,91066996,-7554,1439.86,1439.98
Lake,2005,63250,96135828,93899821,2236007,1519.93,1484.58
Lake,2006,64105,105713862,98962444,6751418,1649.07,1543.76
Lake,2007,64276,115629643,111360000,4269643,1798.96,1732.53
Lake,2008,64059,122873027,117582534,5290493,1918.12,1835.53
Lake,2009,64025,116212553,121641662,-5429109,1815.11,1899.91
Lake,2010,64053,114186065,118868288,-4682223,1782.68,1855.78
Lake,2011,64784,124029511,115093688,8935823,1914.51,1776.58
Lake,2012,63266,115415359,113540568,1874791,1824.29,1794.65
Lake,2013,64531,113536967,111995868,1541099,1759.42,1735.54
Lake,2014,64699,122092336,123347399,-1255063,1887.08,1906.48
Lake,2015,64918,124266357,117225303,7041054,1914.2,1805.74
Lake,2016,64306,149993687,137893191,12100496,2332.5,2144.33
Lake,2017,64945,141621306,135403377,6217929,2180.63,2084.89
Lake,2018,65081,148872930,139957417,8915513,2287.5,2150.51
Lake,2019,65071,187904772,169593043,18311729,2887.69,2606.28
Lake,2020,64040,189781222,165129158,24652064,2963.48,2578.53
Lake,2021,67651,209393648,179721526,29672122,3095.2,2656.6
Lake,2022,67407,215038774,189017137,26021637,3190.15,2804.12
Lake,2023,66800,228465947,220906714,7559233,3420.15,3306.99
Lake,2024,67001,252232990,245636175,6596815,3764.62,3666.16
Lassen,2003,34955,49204285,45019480,4184805,1407.65,1287.93
Lassen,2004,34846,50031696,49888743,142953,1435.79,1431.69
Lassen,2005,35455,51388775,50271748,1117027,1449.41,1417.9
Lassen,2006,35452,54603554,50747084,3856470,1540.21,1431.43
Lassen,2007,36375,58514770,56747361,1767409,1608.65,1560.06
Lassen,2008,35757,60305254,59973473,331781,1686.53,1677.25
Lassen,2009,35550,63731345,62453391,1277954,1792.72,1756.78
Lassen,2010,35889,58964248,57188664,1775584,1642.96,1593.49
Lassen,2011,34577,58624293,56644193,1980100,1695.47,1638.2
Lassen,2012,34167,54523124,59620389,-5097265,1595.78,1744.97
Lassen,2013,33422,53922286,54414928,-492642,1613.38,1628.12
Lassen,2014,32581,58101710,56042602,2059108,1783.3,1720.1
Lassen,2015,32092,61709330,55052791,6656539,1922.89,1715.47
Lassen,2016,30780,63591051,64970857,-1379806,2065.99,2110.81
Lassen,2017,30918,64789003,64362436,426567,2095.51,2081.71
Lassen,2018,30911,68779787,65140191,3639596,2225.09,2107.35
Lassen,2019,30150,72911743,66208706,6703037,2418.3,2195.98
Lassen,2020,28833,81257321,75598347,5658974,2818.21,2621.94
Lassen,2021,31132,83206235,74364622,8841613,2672.69,2388.69
Lassen,2022,30274,89656741,82726639,6930102,2961.51,2732.6
Lassen,2023,28275,85703565,80245490,5458075,3031.07,2838.04
Lassen,2024,28197,87201216,84166374,3034842,3092.57,2984.94
Los Angeles,2003,9979618,14138752411,13664413100,474339311,1416.76,1369.23
Los Angeles,2004,10102961,14357337383,13827846793,529490590,1421.1,1368.69
Los Angeles,2005,10226506,15268360742,14365105256,903255486,1493.02,1404.69
Los Angeles,2006,10245572,15219345614,14172321880,1047023734,1485.46,1383.26
Los Angeles,2007,10331939,15691010527,14997022813,693987714,1518.69,1451.52
Los Angeles,2008,10363850,16472752887,16100171140,372581747,1589.44,1553.49
Los Angeles,2009,10393185,16527927804,16851720536,-323792732,1590.27,1621.42
Los Angeles,2010,10441080,16935092623,16862384547,72708076,1621.97,1615.0
Los Angeles,2011,9858989,17443393072,17290917622,152475450,1769.29,1753.82
Los Angeles,2012,9884632,17396447967,17483298232,-86850265,1759.95,1768.74
Los Angeles,2013,9958091,18594909311,18257123616,337785695,1867.32,1833.4
Los Angeles,2014,10041797,19367532018,19094669651,272862367,1928.69,1901.52
Los Angeles,2015,10136559,20236668800,19690149858,546518942,1996.4,1942.49
Los Angeles,2016,10241335,20636464907,20242539438,393925469,2015.02,1976.55
Los Angeles,2017,10241278,23422437171,23013232081,409205090,2287.06,2247.11
Los Angeles,2018,10283729,24829342650,24519768888,309573762,2414.43,2384.33
Los Angeles,2019,10253716,28159902983,28083917455,75985528,2746.31,2738.9
Los Angeles,2020,10172951,29959688130,29665296843,294391287,2945.03,2916.1
Los Angeles,2021,9931338,32265763268,31948687234,317076034,3248.88,3216.96
Los Angeles,2022,9861224,34008289675,32540895802,1467393873,3448.69,3299.88
Los Angeles,2023,9761210,36083655187,34758841035,1324814152,3696.64,3560.92
Los Angeles,2024,9824091,39321998810,37577235037,1744763773,4002.61,3825.01
Madera,2003,131168,147829842,128704763,19125079,1127.03,981.22
Madera,2004,135262,124865207,130722906,-5857699,923.14,966.44
Madera,2005,141007,144206565,137268727,6937838,1022.69,973.49
Madera,2006,144396,183648628,165950919,17697709,1271.84,1149.28
Madera,2007,148721,169675674,187551832,-17876158,1140.9,1261.1
Madera,2008,150887,174459605,180503001,-6043396,1156.23,1196.28
Madera,2009,152331,174175104,182178177,-8003073,1143.4,1195.94
Madera,2010,153655,168679487,180527354,-11847867,1097.78,1174.89
Madera,2011,151949,192235596,178214387,14021209,1265.13,1172.86
Madera,2012,152074,198807815,184283427,14524388,1307.31,1211.8
Madera,2013,152711,186381002,191015636,-4634634,1220.48,1250.83
Madera,2014,153897,183041936,190582221,-7540285,1189.38,1238.38
Madera,2015,155878,206640230,201400987,5239243,1325.65,1292.04
Madera,2016,155349,216823054,213065514,3757540,1395.72,1371.53
Madera,2017,156492,244396339,241879499,2516840,1561.72,1545.63
Madera,2018,158894,267664692,258623578,9041114,1684.55,1627.65
Madera,2019,159536,305627409,298185069,7442340,1915.73,1869.08
Madera,2020,158147,325675940,394482798,-68806858,2059.32,2494.41
Madera,2021,156385,386824307,348226135,38598172,2473.54,2226.72
Madera,2022,157396,395550207,377379658,18170549,2513.09,2397.64
Madera,2023,158148,442251855,430435595,11816260,2796.44,2721.73
Madera,2024,159328,488865239,440087506,48777733,3068.29,2762.15
Marin,2003,250409,323448500,315726628,7721872,1291.68,1260.84
Marin,2004,250169,328318390,325819713,2498677,1312.39,1302.4
Marin,2005,252485,367234286,332268260,34966026,1454.48,1315.99
Marin,2006,253341,397780185,371529246,26250939,1570.14,1466.52
Marin,2007,255982,404013928,396210624,7803304,1578.29,1547.81
Marin,2008,257406,443994914,448383574,-4388660,1724.88,1741.93
Marin,2009,258618,430694172,438437352,-7743180,1665.37,1695.31
Marin,2010,260651,442460293,416192399,26267894,1697.52,1596.74
Marin,2011,254692,539104138,432353051,106751087,2116.69,1697.55
Marin,2012,254790,479488785,435482895,44005890,1881.9,1709.18
Marin,2013,254007,467415124,409262889,58152235,1840.17,1611.23
Marin,2014,255846,474533587,494031653,-19498066,1854.76,1930.97
Marin,2015,258972,503651068,482374991,21276077,1944.81,1862.65
Marin,2016,262274,585393034,563971097,21421937,2231.99,2150.31
Marin,2017,263604,554795904,495883135,58912769,2104.66,1881.17
Marin,2018,263886,599287488,564129554,35157934,2271.01,2137.78
Marin,2019,262879,761444825,690137856,71306969,2896.56,2625.31
Marin,2020,260831,776626083,724036611,52589472,2977.51,2775.88
Marin,2021,259512,898066530,802539689,95526841,3460.6,3092.5
Marin,2022,257135,948790725,790816903,157973822,3689.85,3075.49
Marin,2023,252959,936491553,843450915,93040638,3702.15,3334.34
Marin,2024,252844,1017756793,938068853,79687940,4025.24,3710.07
Mariposa,2003,17465,39558887,39198439,360448,2265.04,2244.4
Mariposa,2004,17646,39730283,38809040,921243,2251.52,2199.31
Mariposa,2005,17991,46083132,42325979,3757153,2561.45,2352.62
Mariposa,2006,18216,46654174,43254567,3399607,2561.16,2374.54
Mariposa,2007,18254,47582245,45788326,1793919,2606.67,2508.4
Mariposa,2008,18406,51099551,50312681,786870,2776.24,2733.49
Mariposa,2009,18306,51923278,54409302,-2486024,2836.41,2972.21
Mariposa,2010,18192,55498159,57650698,-2152539,3050.69,3169.01
Mariposa,2011,18261,54981137,56608234,-1627097,3010.85,3099.95
Mariposa,2012,17716,56691069,55986576,704493,3199.99,3160.23
Mariposa,2013,18026,55737470,56464078,-726608,3092.06,3132.37
Mariposa,2014,18467,57679389,59047584,-1368195,3123.38,3197.46
Mariposa,2015,17791,60063662,59030595,1033067,3376.07,3318.0
Mariposa,2016,18159,66657856,61480903,5176953,3670.79,3385.7
Mariposa,2017,18148,71395521,71140607,254914,3934.07,3920.02
Mariposa,2018,18129,77874291,79050790,-1176499,4295.56,4360.46
Mariposa,2019,18068,82902148,86891541,-3989393,4588.34,4809.14
Mariposa,2020,18067,88255323,90940915,-2685592,4884.89,5033.54
Mariposa,2021,17066,94929807,91827556,3102251,5562.51,5380.73
Mariposa,2022,17045,98728473,94610365,4118108,5792.22,5550.62
Mariposa,2023,16935,121360397,124612429,-3252032,7166.25,7358.28
Mariposa,2024,16966,118812133,117670055,1142078,7002.95,6935.64
Mendocino,2003,88222,162112588,148767810,13344778,1837.55,1686.29
Mendocino,2004,89190,146913548,163330186,-16416638,1647.2,1831.26
Mendocino,2005,89974,153553311,153641373,-88062,1706.64,1707.62
Mendocino,2006,90445,162837549,162905561,-68012,1800.4,1801.16
Mendocino,2007,90291,176593167,174598000,1995167,1955.82,1933.73
Mendocino,2008,90163,185955998,184573118,1382880,2062.44,2047.1
Mendocino,2009,90206,188766319,191879909,-3113590,2092.61,2127.13
Mendocino,2010,90289,188035333,195011288,-6975955,2082.59,2159.86
Mendocino,2011,88197,190611951,179357256,11254695,2161.21,2033.6
Mendocino,2012,87572,172417372,169368371,3049001,1968.86,1934.05
Mendocino,2013,88291,183588351,171453568,12134783,2079.36,1941.91
Mendocino,2014,89029,186975941,177230411,9745530,2100.17,1990.7
Mendocino,2015,88863,198654917,192219913,6435004,2235.52,2163.1
Mendocino,2016,88378,206272668,201358450,4914218,2333.98,2278.38
Mendocino,2017,89134,235560312,225523141,10037171,2642.77,2530.16
Mendocino,2018,89299,245693086,250531915,-4838829,2751.35,2805.54
Mendocino,2019,89009,277498649,261959057,15539592,3117.65,2943.06
Mendocino,2020,87946,312412438,280215500,32196938,3552.32,3186.22
Mendocino,2021,90669,323283103,319891957,3391146,3565.53,3528.13
Mendocino,2022,89999,0,0,0,0.0,0.0
Mendocino,2023,89164,360980407,336530270,24450137,4048.5,3774.28
Mendocino,2024,89476,393042686,392867138,175548,4392.72,4390.75
Merced,2003,225138,325422012,314670567,10751445,1445.43,1397.68
Merced,2004,232141,297380484,288766683,8613801,1281.03,1243.93
Merced,2005,240162,309945642,293333513,16612129,1290.57,1221.4
Merced,2006,246751,365045437,326296969,38748468,1479.41,1322.37
Merced,2007,251510,389228752,357572491,31656261,1547.57,1421.7
Merced,2008,255250,365637892,370634095,-4996203,1432.47,1452.04
Merced,2009,256450,386404810,389557106,-3152296,1506.75,1519.04
Merced,2010,258495,371262755,383996571,-12733816,1436.25,1485.51
Merced,2011,257984,373945461,385200770,-11255309,1449.49,1493.12
Merced,2012,258736,361923609,371059926,-9136317,1398.81,1434.13
Merced,2013,262478,364448085,373693857,-9245772,1388.49,1423.71
Merced,2014,264922,405719802,393380153,12339649,1531.47,1484.89
Merced,2015,266134,413448831,412036519,1412312,1553.54,1548.23
Merced,2016,271579,439271510,424732164,14539346,1617.47,1563.94
Merced,2017,274665,520964183,515368644,5595539,1896.73,1876.35
Merced,2018,279977,552168265,561623510,-9455245,1972.19,2005.96
Merced,2019,282928,593333567,580729431,12604136,2097.12,2052.57
Merced,2020,283521,626609243,616271020,10338223,2210.1,2173.63
Merced,2021,281874,658613267,670551110,-11937843,2336.55,2378.9
Merced,2022,284338,657277025,636164320,21112705,2311.6,2237.35
Merced,2023,285337,733009397,744481942,-11472545,2568.93,2609.13
Merced,2024,287303,824650923,834846656,-10195733,2870.32,2905.81
Modoc,2003,9335,32624343,32074204,550139,3494.84,3435.91
Modoc,2004,9640,31245242,30840652,404590,3241.21,3199.24
Modoc,2005,9700,34132403,34458556,-326153,3518.8,3552.43
Modoc,2006,9836,34821104,35313716,-492612,3540.17,3590.25
Modoc,2007,9721,34213503,37712673,-3499170,3519.55,3879.51
Modoc,2008,9702,36892785,40172192,-3279407,3802.6,4140.61
Modoc,2009,9698,45346594,43774672,1571922,4675.87,4513.78
Modoc,2010,9777,45140542,43003201,2137341,4617.01,4398.4
Modoc,2011,9705,40805130,37865746,2939384,4204.55,3901.67
Modoc,2012,9566,30134520,29831096,303424,3150.17,3118.45
Modoc,2013,9522,28451670,27623442,828228,2987.99,2901.01
Modoc,2014,9197,26943389,25088152,1855237,2929.58,2727.86
Modoc,2015,9399,30609001,27707963,2901038,3256.62,2947.97
Modoc,2016,9638,31283043,28443086,2839957,3245.8,2951.14
Modoc,2017,9580,30863325,31828795,-965470,3221.64,3322.42
Modoc,2018,9612,31249727,29753442,1496285,3251.12,3095.45
Modoc,2019,9602,34779955,33609521,1170434,3622.16,3500.26
Modoc,2020,9570,38362949,36154517,2208432,4008.67,3777.9
Modoc,2021,8606,37542288,34113524,3428764,4362.34,3963.92
Modoc,2022,8690,39447229,35602503,3844726,4539.38,4096.95
Modoc,2023,8527,50457137,37879763,12577374,5917.34,4442.33
Modoc,2024,8484,44912565,42578362,2334203,5293.8,5018.67
Mono,2003,13337,33238867,31367310,1871557,2492.23,2351.9
Mono,2004,13520,34709905,31669306,3040599,2567.3,2342.4
Mono,2005,13563,36710249,39775124,-3064875,2706.65,2932.62
Mono,2006,13597,40488069,41083307,-595238,2977.72,3021.5
Mono,2007,13985,48545097,43781640,4763457,3471.23,3130.61
Mono,2008,13759,52001350,49669127,2332223,3779.44,3609.94
Mono,2009,13504,51923594,57600896,-5677302,3845.05,4265.47
Mono,2010,13617,54458086,58926582,-4468496,3999.27,4327.43
Mono,2011,14308,55205512,60068773,-4863261,3858.37,4198.26
Mono,2012,14391,50068268,56215388,-6147120,3479.14,3906.29
Mono,2013,14493,51833685,54352990,-2519305,3576.46,3750.29
Mono,2014,14143,53253721,51026795,2226926,3765.38,3607.92
Mono,2015,14695,52282402,49992964,2289438,3557.84,3402.04
Mono,2016,13721,59722817,51097061,8625756,4352.66,3724.0
Mono,2017,13713,58065258,53725144,4340114,4234.32,3917.83
Mono,2018,13822,64774317,59491344,5282973,4686.32,4304.11
Mono,2019,13616,65803733,66162053,-358320,4832.82,4859.14
Mono,2020,13464,69249578,85126628,-15877050,5143.31,6322.54
Mono,2021,13299,76838701,68042229,8796472,5777.78,5116.34
Mono,2022,13379,81007324,71365722,9641602,6054.81,5334.16
Mono,2023,13156,89088278,82745767,6342511,6771.68,6289.58
Mono,2024,12861,100366254,97606498,2759756,7803.92,7589.34
Monterey,2003,415773,574888813,632875410,-57986597,1382.7,1522.17
Monterey,2004,421441,592308474,583903350,8405124,1405.44,1385.49
Monterey,2005,425102,613555968,608142557,5413411,1443.31,1430.58
Monterey,2006,424842,641260223,645333320,-4073097,1509.41,1519.0
Monterey,2007,425960,734091549,700108179,33983370,1723.38,1643.6
Monterey,2008,428549,719384598,733315546,-13930948,1678.65,1711.16
Monterey,2009,431892,747096536,814173685,-67077149,1729.82,1885.13
Monterey,2010,435878,754029279,778942895,-24913616,1729.91,1787.07
Monterey,2011,419038,788766228,757734799,31031429,1882.33,1808.27
Monterey,2012,420668,776890434,761268611,15621823,1846.8,1809.67
Monterey,2013,421494,802605729,766589843,36015886,1904.19,1818.74
Monterey,2014,425756,816486584,794065935,22420649,1917.73,1865.07
Monterey,2015,425413,889396769,866867541,22529228,2090.67,2037.71
Monterey,2016,437178,1015238741,935562384,79676357,2322.25,2140.0
Monterey,2017,442365,1085600914,1055209960,30390954,2454.08,2385.38
Monterey,2018,443281,1251119128,1166712228,84406900,2822.41,2631.99
Monterey,2019,445414,1334500225,1247060181,87440044,2996.09,2799.78
Monterey,2020,441143,1348961143,1284176785,64784358,3057.88,2911.02
Monterey,2021,435721,1511064887,1352346165,158718722,3467.96,3103.7
Monterey,2022,433716,1556582434,1437310406,119272028,3588.94,3313.94
Monterey,2023,430368,1666382561,1591633498,74749063,3871.99,3698.31
Monterey,2024,437614,1731367065,1681600630,49766435,3956.38,3842.66
Napa,2003,129776,162586355,161328437,1257918,1252.82,1243.13
Napa,2004,131624,180967098,176544506,4422592,1374.88,1341.28
Napa,2005,133294,188502657,185730933,2771724,1414.19,1393.39
Napa,2006,134444,209287276,186687585,22599691,1556.69,1388.59
Napa,2007,135969,212487044,204153748,8333296,1562.76,1501.47
Napa,2008,136704,224406792,226425921,-2019129,1641.55,1656.32
Napa,2009,137571,252789293,230336267,22453026,1837.52,1674.31
Napa,2010,138917,241999025,228294070,13704955,1742.04,1643.38
Napa,2011,137639,264799701,244379746,20419955,1923.87,1775.51
Napa,2012,138255,251559558,249503537,2056021,1819.53,1804.66
Napa,2013,138383,280823358,269215022,11608336,2029.32,1945.43
Napa,2014,139255,307365157,307777489,-412332,2207.21,2210.17
Napa,2015,140362,323583057,295100960,28482097,2305.35,2102.43
Napa,2016,142028,330137626,325940289,4197337,2324.45,2294.9
Napa,2017,142408,370217770,365243179,4974591,2599.7,2564.77
Napa,2018,141294,410620823,403240781,7380042,2906.14,2853.91
Napa,2019,140779,441388573,390786557,50602016,3135.33,2775.89
Napa,2020,139088,462384684,426092391,36292293,3324.4,3063.47
Napa,2021,137518,515822656,434773819,81048837,3750.95,3161.58
Napa,2022,136179,512283724,449384109,62899615,3761.84,3299.95
Napa,2023,134637,539619156,510484175,29134981,4007.96,3791.56
Napa,2024,135029,589049278,616676926,-27627648,4362.39,4567.0
Nevada,2003,95749,112380381,105652209,6728172,1173.7,1103.43
Nevada,2004,96065,108911796,114815942,-5904146,1133.73,1195.19
Nevada,2005,98955,113274682,108339098,4935584,1144.71,1094.83
Nevada,2006,100066,129698668,122899101,6799567,1296.13,1228.18
Nevada,2007,99766,130774060,124983666,5790394,1310.81,1252.77
Nevada,2008,99186,139910142,138521570,1388572,1410.58,1396.58
Nevada,2009,98718,145099207,146326164,-1226957,1469.84,1482.26
Nevada,2010,98680,149046420,143845893,5200527,1510.4,1457.7
Nevada,2011,99111,148517418,144893147,3624271,1498.5,1461.93
Nevada,2012,97182,141546524,143152631,-1606107,1456.51,1473.04
Nevada,2013,97019,137555506,134354023,3201483,1417.82,1384.82
Nevada,2014,97225,141331655,132487296,8844359,1453.66,1362.69
Nevada,2015,98193,142883250,135312679,7570571,1455.13,1378.03
Nevada,2016,98095,147735751,146953147,782604,1506.05,1498.07
Nevada,2017,98828,163862949,168951476,-5088527,1658.06,1709.55
Nevada,2018,99155,184038554,172492548,11546006,1856.07,1739.63
Nevada,2019,98904,198442113,192568927,5873186,2006.41,1947.03
Nevada,2020,98114,214843764,219757698,-4913934,2189.74,2239.82
Nevada,2021,101919,234986692,222366927,12619765,2305.62,2181.8
Nevada,2022,101242,251175910,241805355,9370555,2480.95,2388.39
Nevada,2023,100720,276166742,261659294,14507448,2741.93,2597.89
Nevada,2024,100177,301751273,283322727,18428546,3012.18,2828.22
Orange,2003,2978816,2608620198,2596498190,12122008,875.72,871.65
Orange,2004,3017298,2693526625,2670898589,22628036,892.69,885.2
Orange,2005,3056865,2888478285,2737295734,151182551,944.92,895.46
Orange,2006,3072336,3359558336,3220836590,138721746,1093.49,1048.33
Orange,2007,3098121,3552215691,3244089859,308125832,1146.57,1047.12
Orange,2008,3121251,3445201493,3680914588,-235713095,1103.79,1179.31
Orange,2009,3139017,3105605836,3326887750,-221281914,989.36,1059.85
Orange,2010,3166461,3087830305,3007166924,80663381,975.17,949.69
Orange,2011,3029859,3144642955,3083894766,60748189,1037.88,1017.83
Orange,2012,3055792,3265911821,3216502837,49408984,1068.76,1052.59
Orange,2013,3081804,3524255671,3325199979,199055692,1143.57,1078.98
Orange,2014,3113991,3647101056,3444934619,202166437,1171.2,1106.28
Orange,2015,3147655,3724987048,3429426065,295560983,1183.42,1089.52
Orange,2016,3183011,3793514681,3614276100,179238581,1191.8,1135.49
Orange,2017,3194024,4412670251,4233510558,179159693,1381.54,1325.45
Orange,2018,3221103,4584568142,4550168872,34399270,1423.29,1412.61
Orange,2019,3222498,4909268760,4972108200,-62839440,1523.44,1542.94
Orange,2020,3194332,5203412227,5145135700,58276527,1628.95,1610.71
Orange,2021,3169542,5859070819,5785486386,73584433,1848.55,1825.34
Orange,2022,3162245,6010844341,5611562789,399281552,1900.82,1774.55
Orange,2023,3137164,6599080929,6181664285,417416644,2103.52,1970.46
Orange,2024,3150835,6661069681,6424119390,236950291,2114.06,2038.86
Placer,2003,275612,320645890,315541248,5104642,1163.4,1144.87
Placer,2004,292095,340893988,318761304,22132684,1167.07,1091.29
Placer,2005,305675,394109534,366206056,27903478,1289.31,1198.02
Placer,2006,316508,438815910,411035963,27779947,1386.43,1298.66
Placer,2007,324495,483687249,438115533,45571716,1490.58,1350.15
Placer,2008,333401,528900869,482768791,46132078,1586.38,1448.01
Placer,2009,339577,482986537,542081892,-59095355,1422.32,1596.34
Placer,2010,347102,468596632,512384751,-43788119,1350.03,1476.18
Placer,2011,352380,486765553,537970091,-51204538,1381.37,1526.68
Placer,2012,355328,492184922,495654443,-3469521,1385.16,1394.92
Placer,2013,357463,496785824,501891180,-5105356,1389.75,1404.04
Placer,2014,366115,561033320,546793297,14240023,1532.4,1493.5
Placer,2015,369454,547404953,578198171,-30793218,1481.66,1565.01
Placer,2016,373796,562674677,574153000,-11478323,1505.3,1536.01
Placer,2017,382837,658575612,678378863,-19803251,1720.25,1771.98
Placer,2018,389532,706198572,717175177,-10976605,1812.94,1841.12
Placer,2019,396691,762996372,732183711,30812661,1923.4,1845.73
Placer,2020,403711,828024546,848532528,-20507982,2051.03,2101.83
Placer,2021,407517,931155936,866840602,64315334,2284.95,2127.13
Placer,2022,409025,950449899,865998403,84451496,2323.7,2117.23
Placer,2023,410305,1010804252,981424517,29379735,2463.54,2391.94
Placer,2024,412844,1122750523,1059242991,63507532,2719.55,2565.72
Plumas,2003,20881,52485861,46350931,6134930,2513.57,2219.77
Plumas,2004,21104,44800955,46954150,-2153195,2122.87,2224.89
Plumas,2005,21231,50568452,54802370,-4233918,2381.82,2581.24
Plumas,2006,21444,55951299,56076159,-124860,2609.18,2615.0
Plumas,2007,21128,55246500,57558454,-2311954,2614.85,2724.27
Plumas,2008,20917,59857726,57957865,1899861,2861.68,2770.85
Plumas,2009,20632,56704152,53577796,3126356,2748.36,2596.83
Plumas,2010,20428,54068900,52069533,1999367,2646.8,2548.93
Plumas,2011,20025,51107272,50833158,274114,2552.17,2538.48
Plumas,2012,19718,52668732,50644408,2024324,2671.1,2568.44
Plumas,2013,19643,50944994,46266389,4678605,2593.54,2355.36
Plumas,2014,19140,52254253,48249746,4004507,2730.11,2520.89
Plumas,2015,19560,53440915,52098609,1342306,2732.15,2663.53
Plumas,2016,19879,57739496,58364016,-624520,2904.55,2935.96
Plumas,2017,19819,56460600,61076248,-4615648,2848.81,3081.7
Plumas,2018,19773,64867700,62070112,2797588,3280.62,3139.13
Plumas,2019,19779,64464586,63793630,670956,3259.24,3225.32
Plumas,2020,18260,67393220,67049166,344054,3690.76,3671.91
Plumas,2021,19574,80681488,69482558,11198930,4121.87,3549.74
Plumas,2022,18942,87066434,71935046,15131388,4596.48,3797.65
Plumas,2023,18996,105240742,82837872,22402870,5540.15,4360.81
Plumas,2024,18841,102547970,93161452,9386518,5442.81,4944.61
Riverside,2003,1705537,1918938152,1911933307,7004845,1125.12,1121.02
Riverside,2004,1776743,2155861591,2135951495,19910096,1213.38,1202.17
Riverside,2005,1877000,2981336198,2384176111,597160087,1588.35,1270.21
Riverside,2006,1953330,2710873152,2525990807,184882345,1387.82,1293.17
Riverside,2007,2031625,3061366249,2831873128,229493121,1506.86,1393.9
Riverside,2008,2088322,3403971969,3116995532,286976437,1630.0,1492.58
Riverside,2009,2107653,3089346531,3232432280,-143085749,1465.78,1533.66
Riverside,2010,2139535,3016792093,3232475481,-215683388,1410.02,1510.83
Riverside,2011,2217778,3040962693,3103508291,-62545598,1371.18,1399.38
Riverside,2012,2227577,3001667067,3089526728,-87859661,1347.5,1386.94
Riverside,2013,2255059,3158800159,3216241149,-57440990,1400.76,1426.23
Riverside,2014,2279967,3284411738,3428441205,-144029467,1440.55,1503.72
Riverside,2015,2308441,3686292169,3603227285,83064884,1596.88,1560.89
Riverside,2016,2347828,3858788311,3816617187,42171124,1643.56,1625.59
Riverside,2017,2384783,4343263894,4517309223,-174045329,1821.24,1894.22
Riverside,2018,2415955,4422407003,4620872117,-198465114,1830.5,1912.65
Riverside,2019,2440124,4804417426,4900770123,-96352697,1968.92,2008.41
Riverside,2020,2442304,5322611767,6194738173,-872126406,2179.34,2536.43
Riverside,2021,2424587,5917990701,5842413291,75577410,2440.82,2409.65
Riverside,2022,2435525,6177896212,6192118754,-14222542,2536.58,2542.42
Riverside,2023,2439234,6848559133,6768459407,80099726,2807.67,2774.83
Riverside,2024,2442378,7643028210,7576821683,66206527,3129.34,3102.23
Sacramento,2003,1309611,2111218889,2090820402,20398487,1612.1,1596.52
Sacramento,2004,1335368,2219436667,2230049669,-10613002,1662.04,1669.99
Sacramento,2005,1369855,2616692395,2071124149,545568246,1910.2,1511.93
Sacramento,2006,1385607,2448289609,2281883683,166405926,1766.94,1646.85
Sacramento,2007,1406804,2548895112,2484467091,64428021,1811.83,1766.04
Sacramento,2008,1424415,2570356450,2673733820,-103377370,1804.5,1877.08
Sacramento,2009,1433187,2501925536,2725078853,-223153317,1745.71,1901.41
Sacramento,2010,1445327,2408744247,2370413029,38331218,1666.57,1640.05
Sacramento,2011,1428355,2351892705,2401936692,-50043987,1646.57,1681.61
Sacramento,2012,1435153,2337262306,2363305895,-26043589,1628.58,1646.73
Sacramento,2013,1445806,2541160948,2487137490,54023458,1757.61,1720.24
Sacramento,2014,1454406,2563130641,2575821280,-12690639,1762.32,1771.05
Sacramento,2015,1470912,2627507359,2678172643,-50665284,1786.31,1820.76
Sacramento,2016,1495297,2851784075,2817336666,34447409,1907.17,1884.13
Sacramento,2017,1514770,3355290000,3279358000,75932000,2215.05,2164.92
Sacramento,2018,1529501,3481911000,3416111000,65800000,2276.5,2233.48
Sacramento,2019,1546174,3558483000,3529448000,29035000,2301.48,2282.7
Sacramento,2020,1555365,3869082596,3729073717,140008879,2487.57,2397.56
Sacramento,2021,1580624,4033952855,3905768915,128183940,2552.13,2471.03
Sacramento,2022,1576618,4432558562,4039846294,392712268,2811.43,2562.35
Sacramento,2023,1572453,4834710881,4557451823,277259058,3074.63,2898.31
Sacramento,2024,1578938,4959920862,4808346528,151574334,3141.3,3045.3
San Benito,2003,56309,56569243,53727946,2841297,1004.62,954.16
San Benito,2004,57116,54087152,53276948,810204,946.97,932.78
San Benito,2005,57602,56795939,57336434,-540495,986.01,995.39
San Benito,2006,57627,64554126,58466981,6087145,1120.21,1014.58
San Benito,2007,57803,69443636,66232874,3210762,1201.38,1145.84
San Benito,2008,57784,73819155,77753794,-3934639,1277.5,1345.59
San Benito,2009,58016,74922224,73915397,1006827,1291.41,1274.05
San Benito,2010,58388,69841563,78449387,-8607824,1196.16,1343.59
San Benito,2011,55619,82965152,77729512,5235640,1491.67,1397.54
San Benito,2012,55815,69649394,72213035,-2563641,1247.86,1293.79
San Benito,2013,56669,66238193,66663570,-425377,1168.86,1176.37
San Benito,2014,57517,64489533,68288887,-3799354,1121.23,1187.28
San Benito,2015,58344,73258769,68322799,4935970,1255.64,1171.03
San Benito,2016,56648,78131810,72817483,5314327,1379.25,1285.44
San Benito,2017,56854,79747356,74142895,5604461,1402.67,1304.09
San Benito,2018,57088,95824947,88464740,7360207,1678.55,1549.62
San Benito,2019,62296,106119007,106134564,-15557,1703.46,1703.71
San Benito,2020,62353,113529495,111357150,2172345,1820.75,1785.91
San Benito,2021,64769,145871793,132352718,13519075,2252.19,2043.46
San Benito,2022,65479,142258330,124341025,17917305,2172.58,1898.95
San Benito,2023,65666,156059710,146233408,9826302,2376.57,2226.93
San Benito,2024,65853,184989255,182102047,2887208,2809.12,2765.28
San Bernardino,2003,1832966,2364214132,2329427291,34786841,1289.83,1270.85
San Bernardino,2004,1886481,2890602510,2379037112,511565398,1532.27,1261.1
San Bernardino,2005,1946202,2650694976,2483030556,167664420,1361.98,1275.83
San Bernardino,2006,1991829,2594073256,2511093212,82980044,1302.36,1260.7
San Bernardino,2007,2028013,2813005419,2660772956,152232463,1387.07,1312.01
San Bernardino,2008,2055766,2893229762,2773066348,120163414,1407.37,1348.92
San Bernardino,2009,2060950,2881960084,2848120030,33840054,1398.36,1381.95
San Bernardino,2010,2073149,2907172535,2864224734,42947801,1402.3,1381.58
San Bernardino,2011,2052397,3029008350,3011873556,17134794,1475.84,1467.49
San Bernardino,2012,2063919,3074142479,3000553196,73589283,1489.47,1453.81
San Bernardino,2013,2076274,3300520586,3138089371,162431215,1589.64,1511.4
San Bernardino,2014,2085669,3517791026,3362581745,155209281,1686.65,1612.23
San Bernardino,2015,2104291,3639592464,3338298576,301293888,1729.61,1586.42
San Bernardino,2016,2139570,3639228514,3298516824,340711690,1700.92,1541.67
San Bernardino,2017,2160256,4141319948,3881301360,260018588,1917.05,1796.69
San Bernardino,2018,2174938,4394560180,4209050306,185509874,2020.55,1935.25
San Bernardino,2019,2192203,5123350918,4733902714,389448204,2337.08,2159.43
San Bernardino,2020,2180537,5339364443,5120037434,219327009,2448.65,2348.06
San Bernardino,2021,2182343,5906750397,5281337411,625412986,2706.61,2420.03
San Bernardino,2022,2187665,5998381783,5419164764,579217019,2741.91,2477.15
San Bernardino,2023,2182056,6496165775,5982969615,513196160,2977.08,2741.9
San Bernardino,2024,2181433,7279105691,6529897911,749207780,3336.85,2993.4
San Diego,2003,2961579,3240504105,2682097997,558406108,1094.18,905.63
San Diego,2004,3017204,3202216667,2786681410,415535257,1061.32,923.6
San Diego,2005,3051280,3096471290,2960949103,135522187,1014.81,970.4
San Diego,2006,3066820,3432484814,2988429725,444055089,1119.23,974.44
San Diego,2007,3098269,3404667272,3210234088,194433184,1098.89,1036.14
San Diego,2008,3146274,3582174357,3533471472,48702885,1138.54,1123.07
San Diego,2009,3173407,3558727647,3604194866,-45467219,1121.42,1135.75
San Diego,2010,3224432,3578464437,3493697627,84766810,1109.8,1083.51
San Diego,2011,3118876,3585198343,3477860152,107338191,1149.52,1115.1
San Diego,2012,3143429,3636755644,3596335746,40419898,1156.94,1144.08
San Diego,2013,3150178,3726020023,3692791845,33228178,1182.8,1172.25
San Diego,2014,3194362,4051682174,3879085789,172596385,1268.39,1214.35
San Diego,2015,3227496,3961432413,3834554090,126878323,1227.4,1188.09
San Diego,2016,3288612,4055061156,3935577424,119483732,1233.06,1196.73
San Diego,2017,3316192,4389789349,4272127705,117661644,1323.74,1288.26
San Diego,2018,3337456,4872062011,4756944132,115117879,1459.81,1425.32
San Diego,2019,3351786,5184172580,5030257683,153914897,1546.69,1500.77
San Diego,2020,3343355,5713399199,5635225070,78174129,1708.88,1685.5
San Diego,2021,3288503,6175005844,6408547170,-233541326,1877.76,1948.77
San Diego,2022,3287306,6389181072,6344024530,45156542,1943.59,1929.86
San Diego,2023,3269755,7091198975,6738522493,352676482,2168.72,2060.86
San Diego,2024,3291101,7624775340,7476987270,147788070,2316.79,2271.88
San Joaquin,2003,613490,788679778,833520642,-44840864,1285.56,1358.65
San Joaquin,2004,630577,821967937,825443185,-3475248,1303.52,1309.03
San Joaquin,2005,653333,905722899,864388677,41334222,1386.31,1323.04
San Joaquin,2006,668265,1004651097,933007635,71643462,1503.37,1396.16
San Joaquin,2007,679687,1050534406,1010527792,40006614,1545.61,1486.75
San Joaquin,2008,685660,1073440780,1082152708,-8711928,1565.56,1578.26
San Joaquin,2009,689480,1040616341,1086751021,-46134680,1509.28,1576.19
San Joaquin,2010,694293,1019891185,1054635741,-34744556,1468.96,1519.01
San Joaquin,2011,690899,1056606033,1038260985,18345048,1529.32,1502.77
San Joaquin,2012,695750,1029602233,1044097535,-14495302,1479.85,1500.68
San Joaquin,2013,698414,1050538180,1062426193,-11888013,1504.18,1521.2
San Joaquin,2014,710731,1105782835,1096954694,8828141,1555.84,1543.42
San Joaquin,2015,719511,1233198136,1147279114,85919022,1713.94,1594.53
San Joaquin,2016,733383,1230007396,1189231523,40775873,1677.17,1621.57
San Joaquin,2017,746868,1439251199,1403892107,35359092,1927.05,1879.71
San Joaquin,2018,758744,1701785835,1618868336,82917499,2242.9,2133.62
San Joaquin,2019,770385,1747994295,1713072291,34922004,2268.99,2223.66
San Joaquin,2020,773632,1841724330,1793082214,48642116,2380.62,2317.75
San Joaquin,2021,782372,2135568232,1901117609,234450623,2729.61,2429.94
San Joaquin,2022,784298,2239777511,2045847452,193930059,2855.77,2608.51
San Joaquin,2023,786145,2316723834,2097922268,218801566,2946.94,2668.62
San Joaquin,2024,791408,2508227357,2333165385,175061972,3169.32,2948.12
San Luis Obispo,2003,256254,349791976,329593029,20198947,1365.02,1286.2
San Luis Obispo,2004,258204,473932534,352982604,120949930,1835.5,1367.07
San Luis Obispo,2005,260727,339452446,350213875,-10761429,1301.95,1343.22
San Luis Obispo,2006,263242,383861377,373467975,10393402,1458.21,1418.72
San Luis Obispo,2007,264900,415291027,388372005,26919022,1567.73,1466.11
San Luis Obispo,2008,269337,439578151,401477093,38101058,1632.07,1490.61
San Luis Obispo,2009,270429,421079073,400698005,20381068,1557.08,1481.71
San Luis Obispo,2010,273231,414641961,426115728,-11473767,1517.55,1559.54
San Luis Obispo,2011,270966,412836448,401935190,10901258,1523.57,1483.34
San Luis Obispo,2012,271483,424204522,399974805,24229717,1562.55,1473.3
San Luis Obispo,2013,272177,466887808,400203023,66684785,1715.38,1470.38
San Luis Obispo,2014,272357,516562520,424808645,91753875,1896.64,1559.75
San Luis Obispo,2015,274293,534080222,451228687,82851535,1947.12,1645.06
San Luis Obispo,2016,277977,536058993,512262332,23796661,1928.43,1842.82
San Luis Obispo,2017,280101,604606437,570838301,33768136,2158.53,2037.97
San Luis Obispo,2018,280101,615588420,667964583,-52376163,2197.74,2384.73
San Luis Obispo,2019,280393,707485856,660037479,47448377,2523.19,2353.97
San Luis Obispo,2020,277259,714897644,711205642,3692002,2578.45,2565.13
San Luis Obispo,2021,279710,801535463,721409084,80126379,2865.59,2579.13
San Luis Obispo,2022,280721,805053422,794428173,10625249,2867.81,2829.96
San Luis Obispo,2023,278348,908441268,927968557,-19527289,3263.69,3333.84
San Luis Obispo,2024,278469,976043080,935180478,40862602,3505.03,3358.29
San Mateo,2003,717041,812469359,785574654,26894705,1133.09,1095.58
San Mateo,2004,712386,894177012,878653264,15523748,1255.19,1233.39
San Mateo,2005,723453,965395076,900090614,65304462,1334.43,1244.16
San Mateo,2006,724104,1039209525,941636409,97573116,1435.17,1300.42
San Mateo,2007,733496,1098656404,1040918472,57737932,1497.84,1419.12
San Mateo,2008,739469,1112296448,1086280931,26015517,1504.18,1469.0
San Mateo,2009,745858,1157897256,1130232085,27665171,1552.44,1515.34
San Mateo,2010,754285,1157703664,1134440062,23263602,1534.84,1503.99
San Mateo,2011,724702,1181002071,1224443265,-43441194,1629.64,1689.58
San Mateo,2012,729443,1191763043,1163707360,28055683,1633.8,1595.34
San Mateo,2013,735678,1236227553,1183291107,52936446,1680.39,1608.44
San Mateo,2014,745193,1460998295,1311459035,149539260,1960.56,1759.89
San Mateo,2015,753123,1379268826,1333854853,45413973,1831.4,1771.1
San Mateo,2016,766041,1482666461,1436027669,46638792,1935.49,1874.61
San Mateo,2017,770203,1732198692,1637306327,94892365,2249.02,2125.81
San Mateo,2018,774155,1975047219,1775636970,199410249,2551.23,2293.65
San Mateo,2019,774485,2280789608,1988258994,292530614,2944.91,2567.2
San Mateo,2020,773244,2386806900,2151733853,235073047,3086.74,2782.74
San Mateo,2021,751596,2453080854,2433618289,19462565,3263.83,3237.93
San Mateo,2022,744662,2690213748,2490699510,199514238,3612.66,3344.74
San Mateo,2023,737644,2816127147,2524447641,291679506,3817.73,3422.31
San Mateo,2024,741565,3053110425,2739777856,313332569,4117.12,3694.59
Santa Barbara,2003,410277,525335136,550168836,-24833700,1280.44,1340.97
Santa Barbara,2004,414796,561889679,578663513,-16773834,1354.62,1395.06
Santa Barbara,2005,419260,624139860,602266429,21873431,1488.67,1436.5
Santa Barbara,2006,421625,645337661,625537690,19799971,1530.6,1483.64
Santa Barbara,2007,424425,681974837,666290034,15684803,1606.82,1569.87
Santa Barbara,2008,428655,725396333,721623571,3772762,1692.26,1683.46
Santa Barbara,2009,431312,706068296,700808369,5259927,1637.02,1624.83
Santa Barbara,2010,434481,726248911,709798271,16450640,1671.53,1633.67
Santa Barbara,2011,426189,727551557,732828127,-5276570,1707.11,1719.49
Santa Barbara,2012,427267,721802445,730246532,-8444087,1689.35,1709.11
Santa Barbara,2013,429200,727377855,718489242,8888613,1694.73,1674.02
Santa Barbara,2014,433398,703415222,697619188,5796034,1623.02,1609.65
Santa Barbara,2015,437643,767674135,763183342,4490793,1754.11,1743.85
Santa Barbara,2016,446717,786760668,767194671,19565997,1761.21,1717.41
Santa Barbara,2017,450663,880935692,868700233,12235459,1954.75,1927.6
Santa Barbara,2018,453457,917615110,893531605,24083505,2023.6,1970.49
Santa Barbara,2019,454593,1105431671,1039577506,65854165,2431.7,2286.83
Santa Barbara,2020,451840,1137564006,1073139218,64424788,2517.63,2375.04
Santa Barbara,2021,443674,1261039816,1159950548,101089268,2842.27,2614.42
Santa Barbara,2022,445164,1301339118,1244171886,57167232,2923.28,2794.86
Santa Barbara,2023,440557,1411263398,1354443646,56819752,3203.36,3074.39
Santa Barbara,2024,443623,1522379813,1464511047,57868766,3431.7,3301.25
Santa Clara,2003,1729917,2601486049,2759257459,-157771410,1503.82,1595.02
Santa Clara,2004,1731422,2586774363,2703050858,-116276495,1494.02,1561.17
Santa Clara,2005,1759585,2782421072,2613330869,169090203,1581.29,1485.2
Santa Clara,2006,1773258,2973264006,2973903570,-639564,1676.72,1677.08
Santa Clara,2007,1808056,3096751301,3188549783,-91798482,1712.75,1763.52
Santa Clara,2008,1837075,3216312979,3274025084,-57712105,1750.78,1782.19
Santa Clara,2009,1857621,3590999782,3326938594,264061188,1933.12,1790.97
Santa Clara,2010,1880876,3309176671,3440872808,-131696137,1759.38,1829.4
Santa Clara,2011,1797375,3524443577,3414741017,109702560,1960.88,1899.85
Santa Clara,2012,1816486,3371375572,3384871819,-13496247,1855.99,1863.42
Santa Clara,2013,1842254,4177511573,3561844088,615667485,2267.61,1933.42
Santa Clara,2014,1868558,3955680734,3950036970,5643764,2116.97,2113.95
Santa Clara,2015,1889638,4589941453,4368717507,221223946,2429.01,2311.93
Santa Clara,2016,1927888,5077915977,4791192424,286723553,2633.93,2485.2
Santa Clara,2017,1938180,5625107619,5379607003,245500616,2902.26,2775.6
Santa Clara,2018,1956598,5849545320,5713709467,135835853,2989.65,2920.23
Santa Clara,2019,1954286,6656896820,6552829345,104067475,3406.31,3353.06
Santa Clara,2020,1961969,7452842503,7450516719,2325784,3798.65,3797.47
Santa Clara,2021,1907693,7866427009,8274514659,-408087650,4123.53,4337.45
Santa Clara,2022,1894783,8726356201,8529607489,196748712,4605.46,4501.63
Santa Clara,2023,1886079,9342241469,9516440141,-174198672,4953.26,5045.62
Santa Clara,2024,1903198,10400753921,10722903297,-322149376,5464.88,5634.15
Santa Cruz,2003,259844,296484298,309352967,-12868669,1141.01,1190.53
Santa Cruz,2004,260218,304903578,319510764,-14607186,1171.72,1227.86
Santa Cruz,2005,260240,330088664,329085490,1003174,1268.4,1264.55
Santa Cruz,2006,262351,359491525,355016092,4475433,1370.27,1353.21
Santa Cruz,2007,264125,380471181,378588604,1882577,1440.5,1433.37
Santa Cruz,2008,266519,395343513,402408708,-7065195,1483.36,1509.87
Santa Cruz,2009,268637,371429213,391884581,-20455368,1382.64,1458.79
Santa Cruz,2010,272201,369056621,370484098,-1427477,1355.82,1361.07
Santa Cruz,2011,264430,489190420,411937327,77253093,1849.98,1557.83
Santa Cruz,2012,265981,389919669,391622021,-1702352,1465.97,1472.37
Santa Cruz,2013,266662,400041675,421055100,-21013425,1500.18,1578.98
Santa Cruz,2014,271595,419426941,422250736,-2823795,1544.31,1554.71
Santa Cruz,2015,271646,442402666,438246671,4155995,1628.6,1613.3
Santa Cruz,2016,275902,460639814,459520668,1119146,1669.58,1665.52
Santa Cruz,2017,276603,566813218,570218930,-3405712,2049.19,2061.51
Santa Cruz,2018,276864,598600452,612240727,-13640275,2162.07,2211.34
Santa Cruz,2019,274871,665270259,657637176,7633083,2420.3,2392.53
Santa Cruz,2020,271233,709956799,731115053,-21158254,2617.52,2695.52
Santa Cruz,2021,266553,837562218,833230708,4331510,3142.2,3125.95
Santa Cruz,2022,266564,845499493,962323752,-116824259,3171.84,3610.1
Santa Cruz,2023,262051,938656699,949394826,-10738127,3581.96,3622.94
Santa Cruz,2024,262572,1061044650,1048647525,12397125,4040.97,3993.75
Shasta,2003,172033,264971138,218639915,46331223,1540.23,1270.92
Shasta,2004,175705,216230408,231645141,-15414733,1230.64,1318.38
Shasta,2005,178197,233632827,233076239,556588,1311.09,1307.97
Shasta,2006,181483,253265601,243267895,9997706,1395.53,1340.44
Shasta,2007,181401,263803731,255686443,8117288,1454.26,1409.51
Shasta,2008,182236,279264156,262133009,17131147,1532.43,1438.43
Shasta,2009,183023,265601044,260224057,5376987,1451.19,1421.81
Shasta,2010,184247,275079808,254989970,20089838,1492.99,1383.96
Shasta,2011,177924,262906976,243857110,19049866,1477.64,1370.57
Shasta,2012,177823,255221598,248577940,6643658,1435.26,1397.9
Shasta,2013,178601,285317564,271604224,13713340,1597.51,1520.73
Shasta,2014,179412,282125313,267516878,14608435,1572.5,1491.08
Shasta,2015,178673,279509714,269742577,9767137,1564.36,1509.7
Shasta,2016,178592,289870881,276948539,12922342,1623.09,1550.73
Shasta,2017,178605,325291176,312998493,12292683,1821.29,1752.46
Shasta,2018,178271,364618422,339468865,25149557,2045.3,1904.23
Shasta,2019,178773,380377816,358445813,21932003,2127.71,2005.03
Shasta,2020,178045,377476010,377619981,-143971,2120.12,2120.92
Shasta,2021,182020,449526446,416002884,33523562,2469.65,2285.48
Shasta,2022,180531,442313857,442657799,-343942,2450.07,2451.98
Shasta,2023,179436,498030957,475057362,22973595,2775.54,2647.5
Shasta,2024,179195,545954181,521946172,24008009,3046.7,2912.73
Sierra,2003,3515,14959909,15381712,-421803,4256.02,4376.02
Sierra,2004,3524,13048881,13325164,-276283,3702.86,3781.26
Sierra,2005,3538,13550098,13771406,-221308,3829.88,3892.43
Sierra,2006,3501,15353708,15902614,-548906,4385.52,4542.31
Sierra,2007,3485,17512655,18599702,-1087047,5025.15,5337.07
Sierra,2008,3380,18120775,20600604,-2479829,5361.18,6094.85
Sierra,2009,3358,20237321,17495437,2741884,6026.6,5210.08
Sierra,2010,3303,23317701,20558542,2759159,7059.55,6224.2
Sierra,2011,3248,20446695,19513420,933275,6295.16,6007.83
Sierra,2012,3152,18407013,18699543,-292530,5839.79,5932.6
Sierra,2013,3166,19153538,17923693,1229845,6049.76,5661.31
Sierra,2014,3089,20672620,17760529,2912091,6692.33,5749.6
Sierra,2015,3105,17875526,16141900,1733626,5757.01,5198.68
Sierra,2016,3203,18372274,19349750,-977476,5735.96,6041.13
Sierra,2017,3207,19247389,19234581,12808,6001.68,5997.69
Sierra,2018,3207,23587214,21586934,2000280,7354.92,6731.19
Sierra,2019,3213,22308371,19527763,2780608,6943.16,6077.74
Sierra,2020,3201,25717884,24478377,1239507,8034.33,7647.1
Sierra,2021,3225,27871708,25272870,2598838,8642.39,7836.55
Sierra,2022,3229,27002180,46668333,-19666153,8362.4,14452.87
Sierra,2023,3193,30467893,29602307,865586,9542.09,9271.0
Sierra,2024,3171,41888864,40367735,1521129,13209.99,12730.29
Siskiyou,2003,44411,80179574,79463189,716385,1805.4,1789.27
Siskiyou,2004,44861,79957793,84591162,-4633369,1782.35,1885.63
Siskiyou,2005,45819,89168536,86319352,2849184,1946.1,1883.92
Siskiyou,2006,46146,91533173,86853125,4680048,1983.56,1882.14
Siskiyou,2007,45953,91151056,87272556,3878500,1983.57,1899.17
Siskiyou,2008,45971,97914978,97088898,826080,2129.93,2111.96
Siskiyou,2009,45973,107494442,106287709,1206733,2338.21,2311.96
Siskiyou,2010,46010,102441903,100956676,1485227,2226.51,2194.23
Siskiyou,2011,45084,95626110,92086244,3539866,2121.07,2042.55
Siskiyou,2012,44639,85769449,87597096,-1827647,1921.4,1962.34
Siskiyou,2013,44796,84578397,83808673,769724,1888.08,1870.9
Siskiyou,2014,45231,90699766,91125631,-425865,2005.26,2014.67
Siskiyou,2015,45119,92420912,84315741,8105171,2048.38,1868.74
Siskiyou,2016,44739,88510849,85977273,2533576,1978.38,1921.75
Siskiyou,2017,44688,96104592,98099957,-1995365,2150.57,2195.22
Siskiyou,2018,44612,107583647,103630042,3953605,2411.54,2322.92
Siskiyou,2019,44584,112614732,113480236,-865504,2525.9,2545.31
Siskiyou,2020,44461,115368433,112845888,2522545,2594.82,2538.09
Siskiyou,2021,43931,125810554,115078652,10731902,2863.82,2619.53
Siskiyou,2022,43830,125930152,117305292,8624860,2873.15,2676.37
Siskiyou,2023,43548,156044669,138783894,17260775,3583.28,3186.92
Siskiyou,2024,43409,171861965,163325345,8536620,3959.13,3762.48
Solano,2003,411967,611726876,459746578,151980298,1484.89,1115.98
Solano,2004,416463,579758233,539420389,40337844,1392.1,1295.24
Solano,2005,421657,527756463,515401841,12354622,1251.63,1222.32
Solano,2006,422848,597371590,560557845,36813745,1412.73,1325.67
Solano,2007,424823,566703683,537380506,29323177,1333.98,1264.95
Solano,2008,426757,580546882,570313531,10233351,1360.37,1336.39
Solano,2009,426729,565610019,628101067,-62491048,1325.45,1471.9
Solano,2010,427837,566985334,603235623,-36250289,1325.24,1409.97
Solano,2011,414509,560420451,551694612,8725839,1352.01,1330.96
Solano,2012,413786,527687683,542758644,-15070961,1275.27,1311.69
Solano,2013,418387,614609630,559204862,55404768,1469.0,1336.57
Solano,2014,424233,584957743,591840280,-6882537,1378.86,1395.08
Solano,2015,429552,601544357,582181636,19362721,1400.4,1355.32
Solano,2016,431498,655785885,616816043,38969842,1519.79,1429.48
Solano,2017,436023,713850543,699992831,13857712,1637.19,1605.4
Solano,2018,439793,762135735,822622638,-60486903,1732.94,1870.48
Solano,2019,441307,778984684,754233944,24750740,1765.18,1709.09
Solano,2020,440224,776688963,780313088,-3624125,1764.3,1772.54
Solano,2021,449964,896066692,832349229,63717463,1991.42,1849.81
Solano,2022,447241,931094140,891788427,39305713,2081.86,1993.98
Solano,2023,443749,1024792093,974277499,50514594,2309.4,2195.56
Solano,2024,446426,1128333594,1087646199,40687395,2527.48,2436.34
Sonoma,2003,472686,571678294,571487510,190784,1209.43,1209.02
Sonoma,2004,472725,607397257,608042695,-645438,1284.88,1286.25
Sonoma,2005,478440,653415998,664540053,-11124055,1365.72,1388.97
Sonoma,2006,479929,677260837,776160103,-98899266,1411.17,1617.24
Sonoma,2007,481765,717437137,740547942,-23110805,1489.18,1537.16
Sonoma,2008,484470,825314224,815730200,9584024,1703.54,1683.76
Sonoma,2009,486630,734970854,772827431,-37856577,1510.33,1588.12
Sonoma,2010,493285,800224980,794300851,5924129,1622.24,1610.23
Sonoma,2011,487125,788060843,791231581,-3170738,1617.78,1624.29
Sonoma,2012,487011,764467267,738271668,26195599,1569.71,1515.92
Sonoma,2013,490423,807618219,764095824,43522395,1646.78,1558.03
Sonoma,2014,490486,872800335,826349082,46451253,1779.46,1684.76
Sonoma,2015,496253,869159373,812134693,57024680,1751.44,1636.53
Sonoma,2016,501959,897391618,870825750,26565868,1787.78,1734.85
Sonoma,2017,505120,1070620681,1087066343,-16445662,2119.54,2152.1
Sonoma,2018,503332,1195437939,1119295346,76142593,2375.05,2223.77
Sonoma,2019,500675,1266760855,1156054776,110706079,2530.11,2308.99
Sonoma,2020,492980,1261114099,1166181932,94932167,2558.14,2365.58
Sonoma,2021,484674,1630964343,1258534224,372430119,3365.07,2596.66
Sonoma,2022,482404,1527550487,1299936512,227613975,3166.54,2694.71
Sonoma,2023,478174,1548608374,1409144037,139464337,3238.59,2946.93
Sonoma,2024,478152,1677405425,1569097870,108307555,3508.1,3281.59
Stanislaus,2003,481604,603503091,606677948,-3174857,1253.11,1259.7
Stanislaus,2004,491929,668101705,608138041,59963664,1358.13,1236.23
Stanislaus,2005,504482,660072555,651808314,8264241,1308.42,1292.03
Stanislaus,2006,514370,759854717,680063724,79790993,1477.25,1322.13
Stanislaus,2007,521497,728223688,712920843,15302845,1396.41,1367.07
Stanislaus,2008,525903,759437656,745416414,14021242,1444.06,1417.4
Stanislaus,2009,526383,713856333,739718254,-25861921,1356.15,1405.29
Stanislaus,2010,530584,714741997,731145760,-16403763,1347.09,1378.0
Stanislaus,2011,517685,726642911,727707644,-1064733,1403.64,1405.7
Stanislaus,2012,519940,691605486,670490697,21114789,1330.16,1289.55
Stanislaus,2013,524124,744277116,725311131,18965985,1420.04,1383.85
Stanislaus,2014,526042,776130194,762210478,13919716,1475.41,1448.95
Stanislaus,2015,532297,818809796,796726526,22083270,1538.26,1496.77
Stanislaus,2016,540214,888198544,864250360,23948184,1644.16,1599.83
Stanislaus,2017,548057,1039155522,1020349782,18805740,1896.07,1861.76
Stanislaus,2018,555624,1106325374,1095383690,10941684,1991.14,1971.45
Stanislaus,2019,558972,1180957213,1142654541,38302672,2112.73,2044.21
Stanislaus,2020,557709,1417590466,1370861708,46728758,2541.81,2458.02
Stanislaus,2021,551737,1383826748,1326762312,57064436,2508.13,2404.7
Stanislaus,2022,549466,1218296651,1186502406,31794245,2217.24,2159.37
Stanislaus,2023,545939,1344273926,1278686739,65587187,2462.32,2342.18
Stanislaus,2024,548744,1427912802,1401372428,26540374,2602.15,2553.78
Sutter,2003,83241,97981112,93991402,3989710,1177.08,1129.15
Sutter,2004,85511,102810779,100845935,1964844,1202.31,1179.33
Sutter,2005,88945,110728260,106514260,4214000,1244.91,1197.53
Sutter,2006,91450,120587771,112638919,7948852,1318.62,1231.7
Sutter,2007,93919,130956585,118867120,12089465,1394.36,1265.63
Sutter,2008,95878,137892779,134989752,2903027,1438.21,1407.93
Sutter,2009,96554,138115558,143898139,-5782581,1430.45,1490.34
Sutter,2010,99154,131230645,135542911,-4312266,1323.5,1366.99
Sutter,2011,95800,135588601,139101389,-3512788,1415.33,1452.0
Sutter,2012,95065,136502679,132053697,4448982,1435.89,1389.09
Sutter,2013,95851,143270117,141951660,1318457,1494.72,1480.96
Sutter,2014,95733,142945835,133937280,9008555,1493.17,1399.07
Sutter,2015,95948,147462224,143483508,3978716,1536.9,1495.43
Sutter,2016,97308,147910514,142086124,5824390,1520.02,1460.17
Sutter,2017,96956,161056973,200521598,-39464625,1661.13,2068.17
Sutter,2018,97238,193095959,231391753,-38295794,1985.81,2379.64
Sutter,2019,97490,236018824,234812286,1206538,2420.95,2408.58
Sutter,2020,100750,219836204,216073972,3762232,2182.0,2144.65
Sutter,2021,98908,245803072,234061626,11741446,2485.17,2366.46
Sutter,2022,99145,232167990,218443452,13724538,2341.7,2203.27
Sutter,2023,98952,266299728,246556828,19742900,2691.2,2491.68
Sutter,2024,100110,284195621,280534571,3661050,2838.83,2802.26
Tehama,2003,57684,99352604,87805747,11546857,1722.36,1522.19
Tehama,2004,58742,84068621,84857557,-788936,1431.15,1444.58
Tehama,2005,60019,86355170,85103371,1251799,1438.8,1417.94
Tehama,2006,61533,96808359,87835589,8972770,1573.28,1427.46
Tehama,2007,61774,96776867,96121858,655009,1566.63,1556.02
Tehama,2008,62419,104510431,103671709,838722,1674.34,1660.9
Tehama,2009,62836,100817216,100212144,605072,1604.45,1594.82
Tehama,2010,63100,95880847,98512525,-2631678,1519.51,1561.21
Tehama,2011,63950,102203350,100569088,1634262,1598.18,1572.62
Tehama,2012,63177,95863453,95275561,587892,1517.38,1508.07
Tehama,2013,63772,103104029,106744031,-3640002,1616.76,1673.84
Tehama,2014,63717,122148170,112102049,10046121,1917.04,1759.37
Tehama,2015,64323,113479286,114843810,-1364524,1764.21,1785.42
Tehama,2016,63934,112894969,114640010,-1745041,1765.8,1793.1
Tehama,2017,63995,129744232,143023900,-13279668,2027.41,2234.92
Tehama,2018,64039,129771624,136347110,-6575486,2026.45,2129.13
Tehama,2019,64387,141114148,143427561,-2313413,2191.66,2227.59
Tehama,2020,65129,151252671,153494265,-2241594,2322.36,2356.77
Tehama,2021,65374,167331428,162458910,4872518,2559.6,2485.07
Tehama,2022,65052,185023219,174492535,10530684,2844.24,2682.35
Tehama,2023,64271,183733499,188962812,-5229313,2858.73,2940.09
Tehama,2024,64308,210559574,226233444,-15673870,3274.24,3517.97
Trinity,2003,13319,46358449,48642713,-2284264,3480.63,3652.13
Trinity,2004,13455,47130197,49163968,-2033771,3502.8,3653.96
Trinity,2005,13749,46863102,46223551,639551,3408.47,3361.96
Trinity,2006,14024,42010140,44000653,-1990513,2995.59,3137.53
Trinity,2007,14171,44026270,43662762,363508,3106.79,3081.13
Trinity,2008,13966,51607738,52144424,-536686,3695.24,3733.67
Trinity,2009,13959,46979739,44795369,2184370,3365.55,3209.07
Trinity,2010,13898,40785338,38219365,2565973,2934.62,2749.99
Trinity,2011,13853,39764045,40419395,-655350,2870.43,2917.74
Trinity,2012,13722,38879340,40389810,-1510470,2833.36,2943.43
Trinity,2013,13443,41344852,42461859,-1117007,3075.57,3158.66
Trinity,2014,13389,46641275,45373860,1267415,3483.55,3388.89
Trinity,2015,13571,50487997,48967320,1520677,3720.29,3608.23
Trinity,2016,13667,55094161,54052261,1041900,4031.18,3954.95
Trinity,2017,13628,52351633,51531891,819742,3841.48,3781.32
Trinity,2018,13635,61360368,57878758,3481610,4500.21,4244.87
Trinity,2019,13688,60099392,57953648,2145744,4390.66,4233.9
Trinity,2020,13548,74630228,73552936,1077292,5508.58,5429.06
Trinity,2021,16050,80875428,76892083,3983345,5038.97,4790.78
Trinity,2022,16023,75477173,75062613,414560,4710.55,4684.68
Trinity,2023,15939,88338185,81376784,6961401,5542.27,5105.51
Trinity,2024,15915,95504892,83960643,11544249,6000.94,5275.57
Tulare,2003,386246,490357016,486108126,4248890,1269.55,1258.55
Tulare,2004,396828,498314353,502430934,-4116581,1255.74,1266.12
Tulare,2005,409871,528778672,524821699,3956973,1290.11,1280.46
Tulare,2006,420619,565540747,553954557,11586190,1344.54,1317.0
Tulare,2007,429006,612999440,603691892,9307548,1428.88,1407.19
Tulare,2008,435254,631169737,636667845,-5498108,1450.12,1462.75
Tulare,2009,441481,659113055,665896112,-6783057,1492.96,1508.32
Tulare,2010,447814,646236044,644590556,1645488,1443.09,1439.42
Tulare,2011,446837,660327241,653314080,7013161,1477.78,1462.09
Tulare,2012,450840,667133295,658505390,8627905,1479.76,1460.62
Tulare,2013,455599,669540337,664827265,4713072,1469.58,1459.24
Tulare,2014,459446,689923821,685713250,4210571,1501.64,1492.48
Tulare,2015,462189,711263207,675737499,35525708,1538.9,1462.04
Tulare,2016,466339,750322651,718155968,32166683,1608.96,1539.99
Tulare,2017,471842,833047726,817285973,15761753,1765.52,1732.12
Tulare,2018,475834,907474356,875641997,31832359,1907.12,1840.23
Tulare,2019,479112,1007063062,914042557,93020505,2101.94,1907.78
Tulare,2020,479977,1014043584,960101337,53942247,2112.69,2000.31
Tulare,2021,474032,1117644563,1025069158,92575405,2357.74,2162.45
Tulare,2022,475014,1129474322,1188646374,-59172052,2377.77,2502.34
Tulare,2023,475064,1318709164,1230852721,87856443,2775.86,2590.92
Tulare,2024,478918,1365518715,1316787306,48731409,2851.26,2749.5
Tuolumne,2003,56473,103969526,104859767,-890241,1841.05,1856.81
Tuolumne,2004,56946,112025926,108000567,4025359,1967.23,1896.54
Tuolumne,2005,58504,114047955,115109924,-1061969,1949.4,1967.56
Tuolumne,2006,58231,127874946,127602256,272690,2195.99,2191.31
Tuolumne,2007,57223,140880254,133191923,7688331,2461.95,2327.59
Tuolumne,2008,56799,119292172,120861715,-1569543,2100.25,2127.88
Tuolumne,2009,56335,114100281,117865863,-3765582,2025.39,2092.23
Tuolumne,2010,56086,109759122,107643945,2115177,1956.98,1919.27
Tuolumne,2011,55256,106084301,100164857,5919444,1919.87,1812.74
Tuolumne,2012,53834,103688846,103508192,180654,1926.08,1922.73
Tuolumne,2013,54360,100646436,100218868,427568,1851.48,1843.61
Tuolumne,2014,53604,103434997,99328679,4106318,1929.61,1853.01
Tuolumne,2015,54337,115533216,116199230,-666014,2126.23,2138.49
Tuolumne,2016,54900,119346186,126007249,-6661063,2173.88,2295.21
Tuolumne,2017,54707,146765324,147934909,-1169585,2682.75,2704.13
Tuolumne,2018,54740,153248781,157526458,-4277677,2799.58,2877.72
Tuolumne,2019,54590,176162121,183283258,-7121137,3227.0,3357.45
Tuolumne,2020,54917,178154387,175930052,2224335,3244.07,3203.56
Tuolumne,2021,54791,173471278,169852642,3618636,3166.05,3100.01
Tuolumne,2022,55291,204023095,200371298,3651797,3689.99,3623.94
Tuolumne,2023,54590,226631673,224698973,1932700,4151.52,4116.12
Tuolumne,2024,54407,239573170,236143507,3429663,4403.35,4340.31
Ventura,2003,791310,882725441,870497988,12227453,1115.52,1100.07
Ventura,2004,802436,907388065,904246221,3141844,1130.79,1126.88
Ventura,2005,813052,949797941,937455429,12342512,1168.19,1153.01
Ventura,2006,817346,1044952155,1032700474,12251681,1278.47,1263.48
Ventura,2007,825512,1135269365,1122058441,13210924,1375.23,1359.23
Ventura,2008,831587,1204782462,1177163387,27619075,1448.78,1415.56
Ventura,2009,836080,1242658667,1206053668,36604999,1486.29,1442.51
Ventura,2010,844713,1253259525,1223893404,29366121,1483.65,1448.89
Ventura,2011,828383,1346461638,1276806352,69655286,1625.41,1541.32
Ventura,2012,832970,1328768893,1313739166,15029727,1595.22,1577.17
Ventura,2013,835436,1378237404,1346060942,32176462,1649.72,1611.21
Ventura,2014,842967,1461065531,1428780799,32284732,1733.24,1694.94
Ventura,2015,848073,1507676039,1491633656,16042383,1777.77,1758.85
Ventura,2016,856508,1545674626,1546877379,-1202753,1804.62,1806.03
Ventura,2017,857386,1900770086,1908257778,-7487692,2216.94,2225.67
Ventura,2018,859073,1993356302,1947536068,45820234,2320.36,2267.02
Ventura,2019,856598,2338009501,2252460149,85549352,2729.41,2629.54
Ventura,2020,842886,2402570115,2390613919,11956196,2850.41,2836.22
Ventura,2021,840093,2697935569,2624017653,73917916,3211.47,3123.48
Ventura,2022,833652,2775041107,2598628318,176412789,3328.78,3117.16
Ventura,2023,825653,3097246710,2760825344,336421366,3751.27,3343.81
Ventura,2024,823863,3174363315,3010778369,163584946,3853.02,3654.46
Yolo,2003,181291,220687939,197748960,22938979,1217.31,1090.78
Yolo,2004,184487,195571410,191542364,4029046,1060.08,1038.24
Yolo,2005,187743,216190807,194531812,21658995,1151.53,1036.16
Yolo,2006,190344,226857392,224847353,2010039,1191.83,1181.27
Yolo,2007,193983,251276651,254730527,-3453876,1295.35,1313.16
Yolo,2008,199066,258615961,268055788,-9439827,1299.15,1346.57
Yolo,2009,200709,258644342,266908271,-8263929,1288.65,1329.83
Yolo,2010,202953,255698614,261598583,-5899969,1259.89,1288.96
Yolo,2011,201759,261437981,244393211,17044770,1295.79,1211.31
Yolo,2012,202133,244718017,233857461,10860556,1210.68,1156.95
Yolo,2013,205999,287170871,272683620,14487251,1394.04,1323.71
Yolo,2014,206381,290297398,258533142,31764256,1406.61,1252.7
Yolo,2015,209393,282337607,270406632,11930975,1348.36,1291.38
Yolo,2016,214555,312607775,302518766,10089009,1457.01,1409.98
Yolo,2017,218896,329855079,322062151,7792928,1506.9,1471.3
Yolo,2018,221270,388966661,354079829,34886832,1757.88,1600.22
Yolo,2019,222581,427372305,429071702,-1699397,1920.08,1927.71
Yolo,2020,221705,444069628,462124660,-18055032,2002.98,2084.41
Yolo,2021,217237,494055587,470498782,23556805,2274.27,2165.83
Yolo,2022,221165,524093277,503641767,20451510,2369.69,2277.22
Yolo,2023,220880,582188836,559148160,23040676,2635.77,2531.46
Yolo,2024,221666,621757567,608595393,13162174,2804.93,2745.55
Yuba,2003,62847,103401286,96641097,6760189,1645.29,1537.72
Yuba,2004,64840,96186352,106722228,-10535876,1483.44,1645.93
Yuba,2005,66734,100090654,100918852,-828198,1499.84,1512.26
Yuba,2006,69827,120119483,115813672,4305811,1720.24,1658.58
Yuba,2007,70745,126481406,124122057,2359349,1787.85,1754.5
Yuba,2008,71929,137237423,145325442,-8088019,1907.96,2020.4
Yuba,2009,72900,126559988,128079588,-1519600,1736.08,1756.92
Yuba,2010,73380,120963822,124612165,-3648343,1648.46,1698.18
Yuba,2011,72479,127209003,128941559,-1732556,1755.12,1779.02
Yuba,2012,72615,115470037,125505547,-10035510,1590.17,1728.37
Yuba,2013,73439,139896418,120753999,19142419,1904.93,1644.28
Yuba,2014,73682,146826986,123173768,23653218,1992.71,1671.69
Yuba,2015,74076,174267866,151966919,22300947,2352.56,2051.5
Yuba,2016,74345,169254751,149258918,19995833,2276.61,2007.65
Yuba,2017,74577,171928957,190023790,-18094833,2305.39,2548.02
Yuba,2018,74727,201513652,181541193,19972459,2696.66,2429.39
Yuba,2019,77916,223336366,194828890,28507476,2866.37,2500.5
Yuba,2020,78887,257007735,214453192,42554543,3257.92,2718.49
Yuba,2021,81988,275192261,225148992,50043269,3356.49,2746.12
Yuba,2022,82275,266922004,250789915,16132089,3244.27,3048.19
Yuba,2023,82677,289662460,290397877,-735417,3503.54,3512.44
Yuba,2024,83721,308783502,313630201,-4846699,3688.24,3746.14
